"title","start_time","end_time","description","exercise_title","superset_id","exercise_notes","set_index","set_type","weight_kg","reps","distance_km","duration_seconds","rpe"
"Legday","1 Sep 2026, 16:19","1 Sep 2026, 17:51","","Romanian Deadlift (Barbell)",,"",0,"normal",50,8,,,
"Legday","1 Sep 2026, 16:19","1 Sep 2026, 17:51","","Romanian Deadlift (Barbell)",,"",1,"normal",50,8,,,
"Legday","1 Sep 2026, 16:19","1 Sep 2026, 17:51","","Romanian Deadlift (Barbell)",,"",2,"normal",50,8,,,
"Legday","1 Sep 2026, 16:19","1 Sep 2026, 17:51","","Seated Calf Raise",,"",0,"normal",60,15,,,
"Legday","1 Sep 2026, 16:19","1 Sep 2026, 17:51","","Seated Calf Raise",,"",1,"normal",60,25,,,
"Legday","1 Sep 2026, 16:19","1 Sep 2026, 17:51","","Seated Calf Raise",,"",2,"normal",60,25,,,
"Legday","1 Sep 2026, 16:19","1 Sep 2026, 17:51","","Belt Squats",,"",0,"normal",100,10,,,
"Legday","1 Sep 2026, 16:19","1 Sep 2026, 17:51","","Belt Squats",,"",1,"normal",100,10,,,
"Legday","1 Sep 2026, 16:19","1 Sep 2026, 17:51","","Belt Squats",,"",2,"normal",100,10,,,
"Legday","1 Sep 2026, 16:19","1 Sep 2026, 17:51","","Belt Squats",,"",3,"normal",100,10,,,
"Legday","1 Sep 2026, 16:19","1 Sep 2026, 17:51","","Seated Chest Flys (Cable)",,"",0,"normal",40,12,,,
"Legday","1 Sep 2026, 16:19","1 Sep 2026, 17:51","","Seated Chest Flys (Cable)",,"",1,"normal",40,12,,,
"Legday","1 Sep 2026, 16:19","1 Sep 2026, 17:51","","Seated Chest Flys (Cable)",,"",2,"normal",40,15,,,
"Legday","1 Sep 2026, 16:19","1 Sep 2026, 17:51","","Bulgarian Split Squat (Dumbbell)",,"",0,"normal",20,10,,,
"Legday","1 Sep 2026, 16:19","1 Sep 2026, 17:51","","Bulgarian Split Squat (Dumbbell)",,"",1,"normal",20,10,,,
"Legday","1 Sep 2026, 16:19","1 Sep 2026, 17:51","","Bulgarian Split Squat (Dumbbell)",,"",2,"normal",20,10,,,
"Legday","1 Sep 2026, 16:19","1 Sep 2026, 17:51","","Lying Leg Raise",,"",0,"normal",,20,,,
"Legday","1 Sep 2026, 16:19","1 Sep 2026, 17:51","","Lying Leg Raise",,"",1,"normal",,20,,,
"Legday","1 Sep 2026, 16:19","1 Sep 2026, 17:51","","Lying Leg Raise",,"",2,"normal",,20,,,
"Legday","1 Sep 2026, 16:19","1 Sep 2026, 17:51","","Clamshell",,"",0,"normal",,20,,,
"Legday","1 Sep 2026, 16:19","1 Sep 2026, 17:51","","Clamshell",,"",1,"normal",,20,,,
"Legday","1 Sep 2026, 16:19","1 Sep 2026, 17:51","","Clamshell",,"",2,"normal",,20,,,
"Løfte stål","25 Aug 2026, 16:20","25 Aug 2026, 17:19","","Bench Press (Barbell)",,"",0,"normal",75,5,,,
"Løfte stål","25 Aug 2026, 16:20","25 Aug 2026, 17:19","","Bench Press (Barbell)",,"",1,"normal",75,5,,,
"Løfte stål","25 Aug 2026, 16:20","25 Aug 2026, 17:19","","Bench Press (Barbell)",,"",2,"normal",75,5,,,
"Løfte stål","25 Aug 2026, 16:20","25 Aug 2026, 17:19","","Bench Press (Barbell)",,"",3,"normal",75,5,,,
"Løfte stål","25 Aug 2026, 16:20","25 Aug 2026, 17:19","","Single Leg Romanian Deadlift (Dumbbell)",,"",0,"normal",20,8,,,
"Løfte stål","25 Aug 2026, 16:20","25 Aug 2026, 17:19","","Single Leg Romanian Deadlift (Dumbbell)",,"",1,"normal",20,8,,,
"Løfte stål","25 Aug 2026, 16:20","25 Aug 2026, 17:19","","Single Leg Romanian Deadlift (Dumbbell)",,"",2,"normal",20,8,,,
"Løfte stål","25 Aug 2026, 16:20","25 Aug 2026, 17:19","","Seated Cable Row - V Grip (Cable)",,"",0,"normal",90,6,,,
"Løfte stål","25 Aug 2026, 16:20","25 Aug 2026, 17:19","","Seated Cable Row - V Grip (Cable)",,"",1,"normal",90,6,,,
"Løfte stål","25 Aug 2026, 16:20","25 Aug 2026, 17:19","","Seated Cable Row - V Grip (Cable)",,"",2,"normal",90,6,,,
"Løfte stål","25 Aug 2026, 16:20","25 Aug 2026, 17:19","","Seated Cable Row - V Grip (Cable)",,"",3,"normal",90,6,,,
"Løfte stål","25 Aug 2026, 16:20","25 Aug 2026, 17:19","","Cable Crunch",,"",0,"normal",80,10,,,
"Løfte stål","25 Aug 2026, 16:20","25 Aug 2026, 17:19","","Cable Crunch",,"",1,"normal",80,10,,,
"Løfte stål","25 Aug 2026, 16:20","25 Aug 2026, 17:19","","Cable Crunch",,"",2,"normal",80,10,,,
"Løfte stål","25 Aug 2026, 16:20","25 Aug 2026, 17:19","","Lateral Band Walks",,"",0,"normal",,24,,,
"Løfte stål","25 Aug 2026, 16:20","25 Aug 2026, 17:19","","Lateral Band Walks",,"",1,"normal",,24,,,
"Løfte stål","25 Aug 2026, 16:20","25 Aug 2026, 17:19","","Lateral Band Walks",,"",2,"normal",,24,,,
"Løfte stål","25 Aug 2026, 16:20","25 Aug 2026, 17:19","","Standing Calf Raise",,"",0,"normal",,24,,,
"Løfte stål","25 Aug 2026, 16:20","25 Aug 2026, 17:19","","Standing Calf Raise",,"",1,"normal",,24,,,
"Løfte stål","25 Aug 2026, 16:20","25 Aug 2026, 17:19","","Standing Calf Raise",,"",2,"normal",,24,,,
"Løfte stål","25 Aug 2026, 16:20","25 Aug 2026, 17:19","","Lat Pulldown - Close Grip (Cable)",,"",0,"normal",55,8,,,
"Løfte stål","25 Aug 2026, 16:20","25 Aug 2026, 17:19","","Lat Pulldown - Close Grip (Cable)",,"",1,"normal",55,8,,,
"Løfte stål","25 Aug 2026, 16:20","25 Aug 2026, 17:19","","Lat Pulldown - Close Grip (Cable)",,"",2,"normal",55,8,,,
"Afternoon workout 💪","18 Aug 2026, 16:21","18 Aug 2026, 17:09","","Belt Squats",,"",0,"normal",80,10,,,
"Afternoon workout 💪","18 Aug 2026, 16:21","18 Aug 2026, 17:09","","Belt Squats",,"",1,"normal",80,10,,,
"Afternoon workout 💪","18 Aug 2026, 16:21","18 Aug 2026, 17:09","","Belt Squats",,"",2,"normal",100,10,,,
"Afternoon workout 💪","18 Aug 2026, 16:21","18 Aug 2026, 17:09","","Seated Cable Row - V Grip (Cable)",,"",0,"normal",75,10,,,
"Afternoon workout 💪","18 Aug 2026, 16:21","18 Aug 2026, 17:09","","Seated Cable Row - V Grip (Cable)",,"",1,"normal",75,10,,,
"Afternoon workout 💪","18 Aug 2026, 16:21","18 Aug 2026, 17:09","","Seated Cable Row - V Grip (Cable)",,"",2,"normal",75,10,,,
"Afternoon workout 💪","18 Aug 2026, 16:21","18 Aug 2026, 17:09","","Bulgarian Split Squat (Dumbbell)",,"",0,"normal",8,10,,,
"Afternoon workout 💪","18 Aug 2026, 16:21","18 Aug 2026, 17:09","","Bulgarian Split Squat (Dumbbell)",,"",1,"normal",8,10,,,
"Afternoon workout 💪","18 Aug 2026, 16:21","18 Aug 2026, 17:09","","Seated Chest Flys (Cable)",,"",0,"normal",30,15,,,
"Afternoon workout 💪","18 Aug 2026, 16:21","18 Aug 2026, 17:09","","Seated Chest Flys (Cable)",,"",1,"normal",30,15,,,
"Afternoon workout 💪","18 Aug 2026, 16:21","18 Aug 2026, 17:09","","Seated Chest Flys (Cable)",,"",2,"normal",40,12,,,
"Afternoon workout 💪","18 Aug 2026, 16:21","18 Aug 2026, 17:09","","Lying Leg Raise",,"",0,"normal",,20,,,
"Afternoon workout 💪","18 Aug 2026, 16:21","18 Aug 2026, 17:09","","Lying Leg Raise",,"",1,"normal",,20,,,
"Afternoon workout 💪","18 Aug 2026, 16:21","18 Aug 2026, 17:09","","Lying Leg Raise",,"",2,"normal",,20,,,
"Afternoon workout 💪","18 Aug 2026, 16:21","18 Aug 2026, 17:09","","Rear Delt Reverse Fly (Cable)",,"",0,"normal",5,15,,,
"Afternoon workout 💪","18 Aug 2026, 16:21","18 Aug 2026, 17:09","","Rear Delt Reverse Fly (Cable)",,"",1,"normal",5,15,,,
"Afternoon workout 💪","18 Aug 2026, 16:21","18 Aug 2026, 17:09","","Rear Delt Reverse Fly (Cable)",,"",2,"normal",5,15,,,
"Full body no legs","11 Aug 2026, 16:29","11 Aug 2026, 17:16","","Bench Press (Barbell)",,"",0,"normal",60,12,,,
"Full body no legs","11 Aug 2026, 16:29","11 Aug 2026, 17:16","","Bench Press (Barbell)",,"",1,"normal",60,12,,,
"Full body no legs","11 Aug 2026, 16:29","11 Aug 2026, 17:16","","Bench Press (Barbell)",,"",2,"normal",60,12,,,
"Full body no legs","11 Aug 2026, 16:29","11 Aug 2026, 17:16","","Seated Cable Row - V Grip (Cable)",,"",0,"normal",45,12,,,
"Full body no legs","11 Aug 2026, 16:29","11 Aug 2026, 17:16","","Seated Cable Row - V Grip (Cable)",,"",1,"normal",60,12,,,
"Full body no legs","11 Aug 2026, 16:29","11 Aug 2026, 17:16","","Seated Cable Row - V Grip (Cable)",,"",2,"normal",60,12,,,
"Full body no legs","11 Aug 2026, 16:29","11 Aug 2026, 17:16","","Single Arm Triceps Pushdown (Cable)",,"",0,"normal",15,15,,,
"Full body no legs","11 Aug 2026, 16:29","11 Aug 2026, 17:16","","Single Arm Triceps Pushdown (Cable)",,"",1,"normal",15,15,,,
"Full body no legs","11 Aug 2026, 16:29","11 Aug 2026, 17:16","","Single Arm Triceps Pushdown (Cable)",,"",2,"normal",15,15,,,
"Full body no legs","11 Aug 2026, 16:29","11 Aug 2026, 17:16","","Lat Pulldown - Close Grip (Cable)",,"",0,"normal",45,12,,,
"Full body no legs","11 Aug 2026, 16:29","11 Aug 2026, 17:16","","Lat Pulldown - Close Grip (Cable)",,"",1,"normal",45,12,,,
"Full body no legs","11 Aug 2026, 16:29","11 Aug 2026, 17:16","","Lat Pulldown - Close Grip (Cable)",,"",2,"normal",45,12,,,
"Full body no legs","11 Aug 2026, 16:29","11 Aug 2026, 17:16","","Lateral Raise (Cable)",,"",0,"normal",5,15,,,
"Full body no legs","11 Aug 2026, 16:29","11 Aug 2026, 17:16","","Lateral Raise (Cable)",,"",1,"normal",5,15,,,
"Full body no legs","11 Aug 2026, 16:29","11 Aug 2026, 17:16","","Lateral Raise (Cable)",,"",2,"normal",5,15,,,
"Full body no legs","11 Aug 2026, 16:29","11 Aug 2026, 17:16","","Cable Crunch",,"",0,"normal",70,8,,,
"Full body no legs","11 Aug 2026, 16:29","11 Aug 2026, 17:16","","Cable Crunch",,"",1,"normal",80,8,,,
"Full body no legs","11 Aug 2026, 16:29","11 Aug 2026, 17:16","","Cable Crunch",,"",2,"normal",80,8,,,
"Filipino workout","20 Apr 2026, 02:32","20 Apr 2026, 03:10","","Lat Pulldown - Close Grip (Cable)",,"",0,"normal",90,12,,,
"Filipino workout","20 Apr 2026, 02:32","20 Apr 2026, 03:10","","Lat Pulldown - Close Grip (Cable)",,"",1,"normal",90,12,,,
"Filipino workout","20 Apr 2026, 02:32","20 Apr 2026, 03:10","","Lat Pulldown - Close Grip (Cable)",,"",2,"normal",90,12,,,
"Filipino workout","20 Apr 2026, 02:32","20 Apr 2026, 03:10","","Shoulder Press (Dumbbell)",,"",0,"normal",20,12,,,
"Filipino workout","20 Apr 2026, 02:32","20 Apr 2026, 03:10","","Shoulder Press (Dumbbell)",,"",1,"normal",22,10,,,
"Filipino workout","20 Apr 2026, 02:32","20 Apr 2026, 03:10","","Shoulder Press (Dumbbell)",,"",2,"normal",20,12,,,
"Filipino workout","20 Apr 2026, 02:32","20 Apr 2026, 03:10","","Incline Bench Press (Dumbbell)",,"",0,"normal",56,10,,,
"Filipino workout","20 Apr 2026, 02:32","20 Apr 2026, 03:10","","Incline Bench Press (Dumbbell)",,"",1,"normal",56,10,,,
"Filipino workout","20 Apr 2026, 02:32","20 Apr 2026, 03:10","","Incline Bench Press (Dumbbell)",,"",2,"normal",56,10,,,
"Filipino workout","20 Apr 2026, 02:32","20 Apr 2026, 03:10","","Triceps Extension (Dumbbell)",,"",0,"normal",25,12,,,
"Filipino workout","20 Apr 2026, 02:32","20 Apr 2026, 03:10","","Triceps Extension (Dumbbell)",,"",1,"normal",25,10,,,
"Filipino workout","20 Apr 2026, 02:32","20 Apr 2026, 03:10","","Triceps Extension (Dumbbell)",,"",2,"normal",25,10,,,
"Filipino workout","20 Apr 2026, 02:32","20 Apr 2026, 03:10","","Seated Incline Curl (Dumbbell)",,"",0,"normal",30,10,,,
"Filipino workout","20 Apr 2026, 02:32","20 Apr 2026, 03:10","","Seated Incline Curl (Dumbbell)",,"",1,"normal",30,10,,,
"Filipino workout","20 Apr 2026, 02:32","20 Apr 2026, 03:10","","Dead Hang",,"",0,"normal",,,,60,
"Filipino workout","20 Apr 2026, 02:32","20 Apr 2026, 03:10","","Dead Hang",,"",1,"normal",,,,60,
"Tirsdag løpsstyrke","24 Mar 2026, 16:23","24 Mar 2026, 17:44","","Step Up",,"24kg",0,"normal",,12,,,
"Tirsdag løpsstyrke","24 Mar 2026, 16:23","24 Mar 2026, 17:44","","Step Up",,"24kg",1,"normal",,12,,,
"Tirsdag løpsstyrke","24 Mar 2026, 16:23","24 Mar 2026, 17:44","","Step Up",,"24kg",2,"normal",,12,,,
"Tirsdag løpsstyrke","24 Mar 2026, 16:23","24 Mar 2026, 17:44","","Step Up",,"24kg",3,"normal",,12,,,
"Tirsdag løpsstyrke","24 Mar 2026, 16:23","24 Mar 2026, 17:44","","Hip Thrust (Barbell)",,"",0,"normal",80,10,,,
"Tirsdag løpsstyrke","24 Mar 2026, 16:23","24 Mar 2026, 17:44","","Hip Thrust (Barbell)",,"",1,"normal",80,10,,,
"Tirsdag løpsstyrke","24 Mar 2026, 16:23","24 Mar 2026, 17:44","","Hip Thrust (Barbell)",,"",2,"normal",80,10,,,
"Tirsdag løpsstyrke","24 Mar 2026, 16:23","24 Mar 2026, 17:44","","Hip Thrust (Barbell)",,"",3,"normal",80,10,,,
"Tirsdag løpsstyrke","24 Mar 2026, 16:23","24 Mar 2026, 17:44","","Goblet Squat",,"",0,"normal",12,10,,,
"Tirsdag løpsstyrke","24 Mar 2026, 16:23","24 Mar 2026, 17:44","","Goblet Squat",,"",1,"normal",12,10,,,
"Tirsdag løpsstyrke","24 Mar 2026, 16:23","24 Mar 2026, 17:44","","Goblet Squat",,"",2,"normal",12,10,,,
"Tirsdag løpsstyrke","24 Mar 2026, 16:23","24 Mar 2026, 17:44","","Dead Hang",,"",0,"normal",,,,60,
"Tirsdag løpsstyrke","24 Mar 2026, 16:23","24 Mar 2026, 17:44","","Dead Hang",,"",1,"normal",,,,60,
"Tirsdag løpsstyrke","24 Mar 2026, 16:23","24 Mar 2026, 17:44","","Dead Hang",,"",2,"normal",,,,60,
"Tirsdag løpsstyrke","24 Mar 2026, 16:23","24 Mar 2026, 17:44","","Dead Hang",,"",3,"normal",,,,60,
"Tirsdag løpsstyrke","24 Mar 2026, 16:23","24 Mar 2026, 17:44","","Farmers Walk",,"",0,"normal",40,,0.18,,
"Tirsdag løpsstyrke","24 Mar 2026, 16:23","24 Mar 2026, 17:44","","Farmers Walk",,"",1,"normal",40,,0.15,,
"Tirsdag løpsstyrke","24 Mar 2026, 16:23","24 Mar 2026, 17:44","","Farmers Walk",,"",2,"normal",40,,0.15,,
"Tirsdag løpsstyrke","24 Mar 2026, 16:23","24 Mar 2026, 17:44","","Farmers Walk",,"",3,"normal",40,,0.15,,
"Tirsdag løpsstyrke","24 Mar 2026, 16:23","24 Mar 2026, 17:44","","Side Plank",,"",0,"normal",,,,80,
"Tirsdag løpsstyrke","24 Mar 2026, 16:23","24 Mar 2026, 17:44","","Side Plank",,"",1,"normal",,,,80,
"Tirsdag løpsstyrke","24 Mar 2026, 16:23","24 Mar 2026, 17:44","","Side Plank",,"",2,"normal",,,,80,
"Tirsdag løpsstyrke","17 Mar 2026, 16:26","17 Mar 2026, 17:44","","Step Up",,"24kg",0,"normal",,10,,,
"Tirsdag løpsstyrke","17 Mar 2026, 16:26","17 Mar 2026, 17:44","","Step Up",,"24kg",1,"normal",,10,,,
"Tirsdag løpsstyrke","17 Mar 2026, 16:26","17 Mar 2026, 17:44","","Step Up",,"24kg",2,"normal",,10,,,
"Tirsdag løpsstyrke","17 Mar 2026, 16:26","17 Mar 2026, 17:44","","Step Up",,"24kg",3,"normal",,10,,,
"Tirsdag løpsstyrke","17 Mar 2026, 16:26","17 Mar 2026, 17:44","","Hip Thrust (Barbell)",,"",0,"normal",80,10,,,
"Tirsdag løpsstyrke","17 Mar 2026, 16:26","17 Mar 2026, 17:44","","Hip Thrust (Barbell)",,"",1,"normal",80,15,,,
"Tirsdag løpsstyrke","17 Mar 2026, 16:26","17 Mar 2026, 17:44","","Hip Thrust (Barbell)",,"",2,"normal",80,15,,,
"Tirsdag løpsstyrke","17 Mar 2026, 16:26","17 Mar 2026, 17:44","","Hip Thrust (Barbell)",,"",3,"normal",80,15,,,
"Tirsdag løpsstyrke","17 Mar 2026, 16:26","17 Mar 2026, 17:44","","Bulgarian Split Squat",,"",0,"normal",28,8,,,
"Tirsdag løpsstyrke","17 Mar 2026, 16:26","17 Mar 2026, 17:44","","Bulgarian Split Squat",,"",1,"normal",28,8,,,
"Tirsdag løpsstyrke","17 Mar 2026, 16:26","17 Mar 2026, 17:44","","Bulgarian Split Squat",,"",2,"normal",28,8,,,
"Tirsdag løpsstyrke","17 Mar 2026, 16:26","17 Mar 2026, 17:44","","Dead Hang",,"",0,"normal",,,,60,
"Tirsdag løpsstyrke","17 Mar 2026, 16:26","17 Mar 2026, 17:44","","Dead Hang",,"",1,"normal",,,,60,
"Tirsdag løpsstyrke","17 Mar 2026, 16:26","17 Mar 2026, 17:44","","Dead Hang",,"",2,"normal",,,,60,
"Tirsdag løpsstyrke","17 Mar 2026, 16:26","17 Mar 2026, 17:44","","Farmers Walk",,"",0,"normal",40,,0.15,,
"Tirsdag løpsstyrke","17 Mar 2026, 16:26","17 Mar 2026, 17:44","","Farmers Walk",,"",1,"normal",40,,0.15,,
"Tirsdag løpsstyrke","17 Mar 2026, 16:26","17 Mar 2026, 17:44","","Farmers Walk",,"",2,"normal",40,,0.15,,
"Tirsdag løpsstyrke","17 Mar 2026, 16:26","17 Mar 2026, 17:44","","Farmers Walk",,"",3,"normal",40,,0.15,,
"Tirsdag løpsstyrke","17 Mar 2026, 16:26","17 Mar 2026, 17:44","","Cable Core Palloff Press",,"",0,"normal",25,24,,,
"Tirsdag løpsstyrke","17 Mar 2026, 16:26","17 Mar 2026, 17:44","","Cable Core Palloff Press",,"",1,"normal",25,24,,,
"Tirsdag løpsstyrke","17 Mar 2026, 16:26","17 Mar 2026, 17:44","","Cable Core Palloff Press",,"",2,"normal",25,24,,,
"Hiit hiit","19 Jan 2026, 16:31","19 Jan 2026, 16:59","","HIIT",,"",0,"normal",,,,1680,
"Afternoon workout 💪","16 Jan 2026, 15:48","16 Jan 2026, 16:21","","Walking",,"",0,"normal",,,3,1800,
"Afternoon workout 💪","16 Jan 2026, 15:48","16 Jan 2026, 16:21","","Dead Hang",,"",0,"normal",,,,60,
"Afternoon workout 💪","15 Jan 2026, 16:18","15 Jan 2026, 17:01","","Running",,"",0,"normal",,,400,60,
"Afternoon workout 💪","15 Jan 2026, 16:18","15 Jan 2026, 17:01","","Running",,"",1,"normal",,,400,60,
"Afternoon workout 💪","15 Jan 2026, 16:18","15 Jan 2026, 17:01","","Running",,"",2,"normal",,,400,60,
"Afternoon workout 💪","15 Jan 2026, 16:18","15 Jan 2026, 17:01","","Running",,"",3,"normal",,,400,60,
"Afternoon workout 💪","15 Jan 2026, 16:18","15 Jan 2026, 17:01","","Burpee",,"",0,"normal",,10,,,
"Afternoon workout 💪","15 Jan 2026, 16:18","15 Jan 2026, 17:01","","Burpee",,"",1,"normal",,10,,,
"Afternoon workout 💪","15 Jan 2026, 16:18","15 Jan 2026, 17:01","","Burpee",,"",2,"normal",,10,,,
"Afternoon workout 💪","15 Jan 2026, 16:18","15 Jan 2026, 17:01","","Burpee",,"",3,"normal",,10,,,
"Afternoon workout 💪","15 Jan 2026, 16:18","15 Jan 2026, 17:01","","Dead Hang",,"",0,"normal",,,,60,
"Afternoon workout 💪","15 Jan 2026, 16:18","15 Jan 2026, 17:01","","Dead Hang",,"",1,"normal",,,,60,
"Afternoon workout 💪","15 Jan 2026, 16:18","15 Jan 2026, 17:01","","Dead Hang",,"",2,"normal",,,,60,
"Afternoon workout 💪","15 Jan 2026, 16:18","15 Jan 2026, 17:01","","Farmers Walk",,"",0,"normal",32,,0.1,,
"Afternoon workout 💪","15 Jan 2026, 16:18","15 Jan 2026, 17:01","","Farmers Walk",,"",1,"normal",32,,0.1,,
"Afternoon workout 💪","15 Jan 2026, 16:18","15 Jan 2026, 17:01","","Farmers Walk",,"",2,"normal",32,,0.1,,
"Afternoon workout 💪","15 Jan 2026, 16:18","15 Jan 2026, 17:01","","Farmers Walk",,"",3,"normal",32,,0.1,,
"Afternoon workout 💪","14 Jan 2026, 17:55","14 Jan 2026, 18:10","","HIIT",,"",0,"normal",,,,900,
"Afternoon workout 💪","13 Jan 2026, 15:56","13 Jan 2026, 16:40","","Treadmill",,"",0,"normal",,,3.1,1620,
"Hiit monday","12 Jan 2026, 16:43","12 Jan 2026, 17:04","","HIIT",,"",0,"normal",,,,420,
"Hiit monday","12 Jan 2026, 16:43","12 Jan 2026, 17:04","","HIIT",,"",1,"normal",,,,420,
"Hiit monday","12 Jan 2026, 16:43","12 Jan 2026, 17:04","","HIIT",,"",2,"normal",,,,420,
"Fredag twerkout","9 Jan 2026, 18:17","9 Jan 2026, 18:52","","Treadmill",,"",0,"normal",,,4,2100,
"Afternoon workout 💪","8 Jan 2026, 16:43","8 Jan 2026, 17:30","","Running",,"",0,"normal",,,400,60,
"Afternoon workout 💪","8 Jan 2026, 16:43","8 Jan 2026, 17:30","","Running",,"",1,"normal",,,400,60,
"Afternoon workout 💪","8 Jan 2026, 16:43","8 Jan 2026, 17:30","","Running",,"",2,"normal",,,400,60,
"Afternoon workout 💪","8 Jan 2026, 16:43","8 Jan 2026, 17:30","","Burpee",,"",0,"normal",,10,,,
"Afternoon workout 💪","8 Jan 2026, 16:43","8 Jan 2026, 17:30","","Burpee",,"",1,"normal",,10,,,
"Afternoon workout 💪","8 Jan 2026, 16:43","8 Jan 2026, 17:30","","Burpee",,"",2,"normal",,10,,,
"Afternoon workout 💪","8 Jan 2026, 16:43","8 Jan 2026, 17:30","","Dead Hang",,"",0,"normal",,,,60,
"Afternoon workout 💪","8 Jan 2026, 16:43","8 Jan 2026, 17:30","","Dead Hang",,"",1,"normal",,,,60,
"Afternoon workout 💪","8 Jan 2026, 16:43","8 Jan 2026, 17:30","","Dead Hang",,"",2,"normal",,,,60,
"Afternoon workout 💪","8 Jan 2026, 16:43","8 Jan 2026, 17:30","","Farmers Walk",,"",0,"normal",32,,0.1,,
"Afternoon workout 💪","8 Jan 2026, 16:43","8 Jan 2026, 17:30","","Farmers Walk",,"",1,"normal",32,,0.1,,
"Afternoon workout 💪","8 Jan 2026, 16:43","8 Jan 2026, 17:30","","Farmers Walk",,"",2,"normal",32,,0.1,,
"Afternoon workout 💪","6 Jan 2026, 16:41","6 Jan 2026, 16:59","","HIIT",,"",0,"normal",,,,360,
"Afternoon workout 💪","6 Jan 2026, 16:41","6 Jan 2026, 16:59","","HIIT",,"",1,"normal",,,,360,
"Afternoon workout 💪","6 Jan 2026, 16:41","6 Jan 2026, 16:59","","HIIT",,"",2,"normal",,,,360,
"Afternoon workout 💪","5 Jan 2026, 17:30","5 Jan 2026, 18:06","","HIIT",,"",0,"normal",,,,360,
"Afternoon workout 💪","28 Dec 2025, 12:06","28 Dec 2025, 13:07","","Lunge (Dumbbell)",,"",0,"normal",20,20,,,
"Afternoon workout 💪","28 Dec 2025, 12:06","28 Dec 2025, 13:07","","Lunge (Dumbbell)",,"",1,"normal",20,20,,,
"Afternoon workout 💪","28 Dec 2025, 12:06","28 Dec 2025, 13:07","","Lunge (Dumbbell)",,"",2,"normal",20,20,,,
"Afternoon workout 💪","28 Dec 2025, 12:06","28 Dec 2025, 13:07","","Lunge (Dumbbell)",,"",3,"normal",20,20,,,
"Afternoon workout 💪","28 Dec 2025, 12:06","28 Dec 2025, 13:07","","Bench Press (Barbell)",,"",0,"normal",70,15,,,
"Afternoon workout 💪","28 Dec 2025, 12:06","28 Dec 2025, 13:07","","Bench Press (Barbell)",,"",1,"normal",90,10,,,
"Afternoon workout 💪","28 Dec 2025, 12:06","28 Dec 2025, 13:07","","Bench Press (Barbell)",,"",2,"normal",90,10,,,
"Afternoon workout 💪","28 Dec 2025, 12:06","28 Dec 2025, 13:07","","Bench Press (Barbell)",,"",3,"normal",90,10,,,
"Afternoon workout 💪","28 Dec 2025, 12:06","28 Dec 2025, 13:07","","Leg Press (Machine)",,"",0,"normal",200,10,,,
"Afternoon workout 💪","28 Dec 2025, 12:06","28 Dec 2025, 13:07","","Leg Press (Machine)",,"",1,"normal",200,10,,,
"Afternoon workout 💪","28 Dec 2025, 12:06","28 Dec 2025, 13:07","","Leg Press (Machine)",,"",2,"normal",200,10,,,
"Afternoon workout 💪","28 Dec 2025, 12:06","28 Dec 2025, 13:07","","Lat Pulldown (Cable)",,"",0,"normal",80,15,,,
"Afternoon workout 💪","28 Dec 2025, 12:06","28 Dec 2025, 13:07","","Lat Pulldown (Cable)",,"",1,"normal",80,12,,,
"Afternoon workout 💪","28 Dec 2025, 12:06","28 Dec 2025, 13:07","","Lat Pulldown (Cable)",,"",2,"normal",80,10,,,
"Afternoon workout 💪","28 Dec 2025, 12:06","28 Dec 2025, 13:07","","Hip Adduction (Machine)",,"",0,"normal",50,20,,,
"Afternoon workout 💪","28 Dec 2025, 12:06","28 Dec 2025, 13:07","","Hip Adduction (Machine)",,"",1,"normal",60,15,,,
"Afternoon workout 💪","28 Dec 2025, 12:06","28 Dec 2025, 13:07","","Hip Abduction (Machine)",,"",0,"normal",50,20,,,
"Afternoon workout 💪","28 Dec 2025, 12:06","28 Dec 2025, 13:07","","Hip Abduction (Machine)",,"",1,"normal",70,20,,,
"Afternoon workout 💪","28 Dec 2025, 12:06","28 Dec 2025, 13:07","","Seated Cable Row - V Grip (Cable)",,"",0,"normal",75,12,,,
"Afternoon workout 💪","28 Dec 2025, 12:06","28 Dec 2025, 13:07","","Seated Cable Row - V Grip (Cable)",,"",1,"normal",75,12,,,
"Afternoon workout 💪","28 Dec 2025, 12:06","28 Dec 2025, 13:07","","Seated Cable Row - V Grip (Cable)",,"",2,"normal",65,12,,,
"Afternoon workout 💪","28 Dec 2025, 12:06","28 Dec 2025, 13:07","","Back Extension (Hyperextension)",,"",0,"normal",,15,,,
"Afternoon workout 💪","28 Dec 2025, 12:06","28 Dec 2025, 13:07","","Back Extension (Hyperextension)",,"",1,"normal",,15,,,
"Afternoon workout 💪","23 Dec 2025, 11:48","23 Dec 2025, 13:13","","Bench Press (Barbell)",,"",0,"normal",90,10,,,
"Afternoon workout 💪","23 Dec 2025, 11:48","23 Dec 2025, 13:13","","Bench Press (Barbell)",,"",1,"normal",90,10,,,
"Afternoon workout 💪","23 Dec 2025, 11:48","23 Dec 2025, 13:13","","Bench Press (Barbell)",,"",2,"normal",90,10,,,
"Afternoon workout 💪","23 Dec 2025, 11:48","23 Dec 2025, 13:13","","Lunge (Dumbbell)",,"",0,"normal",20,20,,,
"Afternoon workout 💪","23 Dec 2025, 11:48","23 Dec 2025, 13:13","","Lunge (Dumbbell)",,"",1,"normal",20,20,,,
"Afternoon workout 💪","23 Dec 2025, 11:48","23 Dec 2025, 13:13","","Lunge (Dumbbell)",,"",2,"normal",20,20,,,
"Afternoon workout 💪","23 Dec 2025, 11:48","23 Dec 2025, 13:13","","Iso-Lateral Row (Machine)",,"",0,"normal",100,10,,,
"Afternoon workout 💪","23 Dec 2025, 11:48","23 Dec 2025, 13:13","","Iso-Lateral Row (Machine)",,"",1,"normal",120,8,,,
"Afternoon workout 💪","23 Dec 2025, 11:48","23 Dec 2025, 13:13","","Iso-Lateral Row (Machine)",,"",2,"normal",120,10,,,
"Afternoon workout 💪","23 Dec 2025, 11:48","23 Dec 2025, 13:13","","Leg Press (Machine)",,"",0,"normal",190,10,,,
"Afternoon workout 💪","23 Dec 2025, 11:48","23 Dec 2025, 13:13","","Leg Press (Machine)",,"",1,"normal",190,10,,,
"Afternoon workout 💪","23 Dec 2025, 11:48","23 Dec 2025, 13:13","","Leg Press (Machine)",,"",2,"normal",190,12,,,
"Afternoon workout 💪","23 Dec 2025, 11:48","23 Dec 2025, 13:13","","Shoulder Press (Machine Plates)",,"",0,"normal",35,20,,,
"Afternoon workout 💪","23 Dec 2025, 11:48","23 Dec 2025, 13:13","","Shoulder Press (Machine Plates)",,"",1,"normal",40,15,,,
"Afternoon workout 💪","23 Dec 2025, 11:48","23 Dec 2025, 13:13","","Lat Pulldown - Close Grip (Cable)",,"",0,"normal",75,12,,,
"Afternoon workout 💪","23 Dec 2025, 11:48","23 Dec 2025, 13:13","","Lat Pulldown - Close Grip (Cable)",,"",1,"normal",75,10,,,
"Afternoon workout 💪","23 Dec 2025, 11:48","23 Dec 2025, 13:13","","Lat Pulldown - Close Grip (Cable)",,"",2,"normal",70,12,,,
"Afternoon workout 💪","23 Dec 2025, 11:48","23 Dec 2025, 13:13","","Side Bend",,"",0,"normal",,24,,,
"Afternoon workout 💪","23 Dec 2025, 11:48","23 Dec 2025, 13:13","","Side Bend",,"",1,"normal",,24,,,
"Afternoon workout 💪","23 Dec 2025, 11:48","23 Dec 2025, 13:13","","Back Extension (Hyperextension)",,"",0,"normal",,15,,,
"Afternoon workout 💪","23 Dec 2025, 11:48","23 Dec 2025, 13:13","","Back Extension (Hyperextension)",,"",1,"normal",,15,,,
"Onsdag – Push + Legs","17 Dec 2025, 16:12","17 Dec 2025, 17:12","","Bench Press (Dumbbell)",,"",0,"normal",60,12,,,
"Onsdag – Push + Legs","17 Dec 2025, 16:12","17 Dec 2025, 17:12","","Bench Press (Dumbbell)",,"",1,"normal",60,12,,,
"Onsdag – Push + Legs","17 Dec 2025, 16:12","17 Dec 2025, 17:12","","Bench Press (Dumbbell)",,"",2,"normal",60,10,,,
"Onsdag – Push + Legs","17 Dec 2025, 16:12","17 Dec 2025, 17:12","","Bench Press (Dumbbell)",,"",3,"normal",60,10,,,
"Onsdag – Push + Legs","17 Dec 2025, 16:12","17 Dec 2025, 17:12","","Incline Bench Press (Dumbbell)",,"",0,"normal",60,10,,,
"Onsdag – Push + Legs","17 Dec 2025, 16:12","17 Dec 2025, 17:12","","Incline Bench Press (Dumbbell)",,"",1,"normal",60,10,,,
"Onsdag – Push + Legs","17 Dec 2025, 16:12","17 Dec 2025, 17:12","","Incline Bench Press (Dumbbell)",,"",2,"normal",60,10,,,
"Onsdag – Push + Legs","17 Dec 2025, 16:12","17 Dec 2025, 17:12","","Arnold Press (Dumbbell)",,"",0,"normal",40,10,,,
"Onsdag – Push + Legs","17 Dec 2025, 16:12","17 Dec 2025, 17:12","","Arnold Press (Dumbbell)",,"",1,"normal",40,10,,,
"Onsdag – Push + Legs","17 Dec 2025, 16:12","17 Dec 2025, 17:12","","Arnold Press (Dumbbell)",,"",2,"normal",40,10,,,
"Onsdag – Push + Legs","17 Dec 2025, 16:12","17 Dec 2025, 17:12","","Seated Chest Flys (Cable)",,"",0,"normal",40,12,,,
"Onsdag – Push + Legs","17 Dec 2025, 16:12","17 Dec 2025, 17:12","","Seated Chest Flys (Cable)",,"",1,"normal",40,15,,,
"Onsdag – Push + Legs","17 Dec 2025, 16:12","17 Dec 2025, 17:12","","Seated Chest Flys (Cable)",,"",2,"normal",40,15,,,
"Onsdag – Push + Legs","17 Dec 2025, 16:12","17 Dec 2025, 17:12","","Leg Extension (Machine)",,"",0,"normal",120,15,,,
"Onsdag – Push + Legs","17 Dec 2025, 16:12","17 Dec 2025, 17:12","","Leg Extension (Machine)",,"",1,"normal",120,15,,,
"Onsdag – Push + Legs","17 Dec 2025, 16:12","17 Dec 2025, 17:12","","Leg Extension (Machine)",,"",2,"normal",150,17,,,
"Mandag – Pull + Legs","15 Dec 2025, 16:15","15 Dec 2025, 17:22","","Lat Pulldown - Close Grip (Cable)",,"",0,"normal",75,12,,,
"Mandag – Pull + Legs","15 Dec 2025, 16:15","15 Dec 2025, 17:22","","Lat Pulldown - Close Grip (Cable)",,"",1,"normal",75,12,,,
"Mandag – Pull + Legs","15 Dec 2025, 16:15","15 Dec 2025, 17:22","","Lat Pulldown - Close Grip (Cable)",,"",2,"normal",75,12,,,
"Mandag – Pull + Legs","15 Dec 2025, 16:15","15 Dec 2025, 17:22","","Landmine Row",,"",0,"normal",80,12,,,
"Mandag – Pull + Legs","15 Dec 2025, 16:15","15 Dec 2025, 17:22","","Landmine Row",,"",1,"normal",80,12,,,
"Mandag – Pull + Legs","15 Dec 2025, 16:15","15 Dec 2025, 17:22","","Landmine Row",,"",2,"normal",80,12,,,
"Mandag – Pull + Legs","15 Dec 2025, 16:15","15 Dec 2025, 17:22","","Face Pull",,"",0,"normal",35,15,,,
"Mandag – Pull + Legs","15 Dec 2025, 16:15","15 Dec 2025, 17:22","","Face Pull",,"",1,"normal",40,15,,,
"Mandag – Pull + Legs","15 Dec 2025, 16:15","15 Dec 2025, 17:22","","Face Pull",,"",2,"normal",40,21,,,
"Mandag – Pull + Legs","15 Dec 2025, 16:15","15 Dec 2025, 17:22","","Seated Leg Curl (Machine)",,"",0,"normal",127.5,15,,,
"Mandag – Pull + Legs","15 Dec 2025, 16:15","15 Dec 2025, 17:22","","Seated Leg Curl (Machine)",,"",1,"normal",127.5,15,,,
"Mandag – Pull + Legs","15 Dec 2025, 16:15","15 Dec 2025, 17:22","","Seated Leg Curl (Machine)",,"",2,"normal",127.5,14,,,
"Mandag – Pull + Legs","15 Dec 2025, 16:15","15 Dec 2025, 17:22","","Deadlift (Barbell)",,"",0,"normal",80,6,,,
"Mandag – Pull + Legs","15 Dec 2025, 16:15","15 Dec 2025, 17:22","","Deadlift (Barbell)",,"",1,"normal",80,6,,,
"Mandag – Pull + Legs","15 Dec 2025, 16:15","15 Dec 2025, 17:22","","Deadlift (Barbell)",,"",2,"normal",80,6,,,
"Onsdag – Push + Legs","10 Dec 2025, 16:23","10 Dec 2025, 17:34","","Bench Press (Dumbbell)",,"",0,"normal",48,10,,,
"Onsdag – Push + Legs","10 Dec 2025, 16:23","10 Dec 2025, 17:34","","Bench Press (Dumbbell)",,"",1,"normal",48,11,,,
"Onsdag – Push + Legs","10 Dec 2025, 16:23","10 Dec 2025, 17:34","","Bench Press (Dumbbell)",,"",2,"normal",48,10,,,
"Onsdag – Push + Legs","10 Dec 2025, 16:23","10 Dec 2025, 17:34","","Bench Press (Dumbbell)",,"",3,"normal",48,10,,,
"Onsdag – Push + Legs","10 Dec 2025, 16:23","10 Dec 2025, 17:34","","Incline Bench Press (Dumbbell)",,"",0,"normal",48,10,,,
"Onsdag – Push + Legs","10 Dec 2025, 16:23","10 Dec 2025, 17:34","","Incline Bench Press (Dumbbell)",,"",1,"normal",48,10,,,
"Onsdag – Push + Legs","10 Dec 2025, 16:23","10 Dec 2025, 17:34","","Incline Bench Press (Dumbbell)",,"",2,"normal",48,10,,,
"Onsdag – Push + Legs","10 Dec 2025, 16:23","10 Dec 2025, 17:34","","Arnold Press (Dumbbell)",,"",0,"normal",32,12,,,
"Onsdag – Push + Legs","10 Dec 2025, 16:23","10 Dec 2025, 17:34","","Arnold Press (Dumbbell)",,"",1,"normal",32,12,,,
"Onsdag – Push + Legs","10 Dec 2025, 16:23","10 Dec 2025, 17:34","","Arnold Press (Dumbbell)",,"",2,"normal",32,12,,,
"Onsdag – Push + Legs","10 Dec 2025, 16:23","10 Dec 2025, 17:34","","Chest Dip",,"",0,"normal",,8,,,
"Onsdag – Push + Legs","10 Dec 2025, 16:23","10 Dec 2025, 17:34","","Chest Dip",,"",1,"normal",,8,,,
"Onsdag – Push + Legs","10 Dec 2025, 16:23","10 Dec 2025, 17:34","","Chest Dip",,"",2,"normal",,10,,,
"Onsdag – Push + Legs","10 Dec 2025, 16:23","10 Dec 2025, 17:34","","Seated Chest Flys (Cable)",,"",0,"normal",40,12,,,
"Onsdag – Push + Legs","10 Dec 2025, 16:23","10 Dec 2025, 17:34","","Seated Chest Flys (Cable)",,"",1,"normal",40,12,,,
"Onsdag – Push + Legs","10 Dec 2025, 16:23","10 Dec 2025, 17:34","","Seated Chest Flys (Cable)",,"",2,"normal",40,12,,,
"Onsdag – Push + Legs","10 Dec 2025, 16:23","10 Dec 2025, 17:34","","Leg Extension (Machine)",,"",0,"normal",120,15,,,
"Onsdag – Push + Legs","10 Dec 2025, 16:23","10 Dec 2025, 17:34","","Leg Extension (Machine)",,"",1,"normal",120,15,,,
"Onsdag – Push + Legs","10 Dec 2025, 16:23","10 Dec 2025, 17:34","","Leg Extension (Machine)",,"",2,"normal",120,15,,,
"Fredag – Full Body / Accessory","5 Dec 2025, 14:46","5 Dec 2025, 15:40","","Seated Cable Row - V Grip (Cable)",,"",0,"normal",75,12,,,
"Fredag – Full Body / Accessory","5 Dec 2025, 14:46","5 Dec 2025, 15:40","","Seated Cable Row - V Grip (Cable)",,"",1,"normal",75,12,,,
"Fredag – Full Body / Accessory","5 Dec 2025, 14:46","5 Dec 2025, 15:40","","Seated Cable Row - V Grip (Cable)",,"",2,"normal",75,12,,,
"Fredag – Full Body / Accessory","5 Dec 2025, 14:46","5 Dec 2025, 15:40","","Low Cable Fly Crossovers",,"",0,"normal",20,12,,,
"Fredag – Full Body / Accessory","5 Dec 2025, 14:46","5 Dec 2025, 15:40","","Low Cable Fly Crossovers",,"",1,"normal",20,12,,,
"Fredag – Full Body / Accessory","5 Dec 2025, 14:46","5 Dec 2025, 15:40","","Low Cable Fly Crossovers",,"",2,"normal",20,15,,,
"Fredag – Full Body / Accessory","5 Dec 2025, 14:46","5 Dec 2025, 15:40","","Hammer Curl (Dumbbell)",,"",0,"normal",32,16,,,
"Fredag – Full Body / Accessory","5 Dec 2025, 14:46","5 Dec 2025, 15:40","","Hammer Curl (Dumbbell)",,"",1,"normal",36,10,,,
"Fredag – Full Body / Accessory","5 Dec 2025, 14:46","5 Dec 2025, 15:40","","Hammer Curl (Dumbbell)",,"",2,"normal",32,14,,,
"Fredag – Full Body / Accessory","5 Dec 2025, 14:46","5 Dec 2025, 15:40","","Lat Raise Incline Variant",,"",0,"normal",20,12,,,
"Fredag – Full Body / Accessory","5 Dec 2025, 14:46","5 Dec 2025, 15:40","","Lat Raise Incline Variant",,"",1,"normal",20,12,,,
"Fredag – Full Body / Accessory","5 Dec 2025, 14:46","5 Dec 2025, 15:40","","Lat Raise Incline Variant",,"",2,"normal",20,12,,,
"Fredag – Full Body / Accessory","5 Dec 2025, 14:46","5 Dec 2025, 15:40","","Plank",,"",0,"normal",,,,65,
"Fredag – Full Body / Accessory","5 Dec 2025, 14:46","5 Dec 2025, 15:40","","Plank",,"",1,"normal",,,,75,
"Fredag – Full Body / Accessory","5 Dec 2025, 14:46","5 Dec 2025, 15:40","","Plank",,"",2,"normal",,,,63,
"Onsdag – Push + Legs","3 Dec 2025, 16:19","3 Dec 2025, 17:33","","Bench Press (Dumbbell)",,"",0,"normal",60,10,,,
"Onsdag – Push + Legs","3 Dec 2025, 16:19","3 Dec 2025, 17:33","","Bench Press (Dumbbell)",,"",1,"normal",60,10,,,
"Onsdag – Push + Legs","3 Dec 2025, 16:19","3 Dec 2025, 17:33","","Bench Press (Dumbbell)",,"",2,"normal",60,10,,,
"Onsdag – Push + Legs","3 Dec 2025, 16:19","3 Dec 2025, 17:33","","Bench Press (Dumbbell)",,"",3,"normal",60,10,,,
"Onsdag – Push + Legs","3 Dec 2025, 16:19","3 Dec 2025, 17:33","","Incline Bench Press (Dumbbell)",,"",0,"normal",60,10,,,
"Onsdag – Push + Legs","3 Dec 2025, 16:19","3 Dec 2025, 17:33","","Incline Bench Press (Dumbbell)",,"",1,"normal",60,10,,,
"Onsdag – Push + Legs","3 Dec 2025, 16:19","3 Dec 2025, 17:33","","Incline Bench Press (Dumbbell)",,"",2,"normal",60,8,,,
"Onsdag – Push + Legs","3 Dec 2025, 16:19","3 Dec 2025, 17:33","","Arnold Press (Dumbbell)",,"",0,"normal",40,12,,,
"Onsdag – Push + Legs","3 Dec 2025, 16:19","3 Dec 2025, 17:33","","Arnold Press (Dumbbell)",,"",1,"normal",40,12,,,
"Onsdag – Push + Legs","3 Dec 2025, 16:19","3 Dec 2025, 17:33","","Arnold Press (Dumbbell)",,"",2,"normal",40,12,,,
"Onsdag – Push + Legs","3 Dec 2025, 16:19","3 Dec 2025, 17:33","","Chest Dip",,"",0,"normal",,12,,,
"Onsdag – Push + Legs","3 Dec 2025, 16:19","3 Dec 2025, 17:33","","Chest Dip",,"",1,"normal",,12,,,
"Onsdag – Push + Legs","3 Dec 2025, 16:19","3 Dec 2025, 17:33","","Chest Dip",,"",2,"normal",,12,,,
"Onsdag – Push + Legs","3 Dec 2025, 16:19","3 Dec 2025, 17:33","","Seated Chest Flys (Cable)",,"",0,"normal",50,12,,,
"Onsdag – Push + Legs","3 Dec 2025, 16:19","3 Dec 2025, 17:33","","Seated Chest Flys (Cable)",,"",1,"normal",50,12,,,
"Onsdag – Push + Legs","3 Dec 2025, 16:19","3 Dec 2025, 17:33","","Seated Chest Flys (Cable)",,"",2,"normal",50,14,,,
"Onsdag – Push + Legs","3 Dec 2025, 16:19","3 Dec 2025, 17:33","","Leg Extension (Machine)",,"",0,"normal",150,15,,,
"Onsdag – Push + Legs","3 Dec 2025, 16:19","3 Dec 2025, 17:33","","Leg Extension (Machine)",,"",1,"normal",150,15,,,
"Onsdag – Push + Legs","3 Dec 2025, 16:19","3 Dec 2025, 17:33","","Leg Extension (Machine)",,"",2,"normal",150,15,,,
"Fredag – Full Body / Accessory","28 Nov 2025, 15:21","28 Nov 2025, 16:26","","Seated Cable Row - V Grip (Cable)",,"",0,"normal",95,12,,,
"Fredag – Full Body / Accessory","28 Nov 2025, 15:21","28 Nov 2025, 16:26","","Seated Cable Row - V Grip (Cable)",,"",1,"normal",95,12,,,
"Fredag – Full Body / Accessory","28 Nov 2025, 15:21","28 Nov 2025, 16:26","","Seated Cable Row - V Grip (Cable)",,"",2,"normal",100,12,,,
"Fredag – Full Body / Accessory","28 Nov 2025, 15:21","28 Nov 2025, 16:26","","Low Cable Fly Crossovers",,"",0,"normal",25,15,,,
"Fredag – Full Body / Accessory","28 Nov 2025, 15:21","28 Nov 2025, 16:26","","Low Cable Fly Crossovers",,"",1,"normal",25,12,,,
"Fredag – Full Body / Accessory","28 Nov 2025, 15:21","28 Nov 2025, 16:26","","Low Cable Fly Crossovers",,"",2,"normal",25,12,,,
"Fredag – Full Body / Accessory","28 Nov 2025, 15:21","28 Nov 2025, 16:26","","Behind the Back Curl (Cable)",,"",0,"normal",30,15,,,
"Fredag – Full Body / Accessory","28 Nov 2025, 15:21","28 Nov 2025, 16:26","","Behind the Back Curl (Cable)",,"",1,"normal",30,13,,,
"Fredag – Full Body / Accessory","28 Nov 2025, 15:21","28 Nov 2025, 16:26","","Behind the Back Curl (Cable)",,"",2,"normal",30,12,,,
"Fredag – Full Body / Accessory","28 Nov 2025, 15:21","28 Nov 2025, 16:26","","Lat Raise Incline Variant",,"",0,"normal",20,15,,,
"Fredag – Full Body / Accessory","28 Nov 2025, 15:21","28 Nov 2025, 16:26","","Lat Raise Incline Variant",,"",1,"normal",20,15,,,
"Fredag – Full Body / Accessory","28 Nov 2025, 15:21","28 Nov 2025, 16:26","","Lat Raise Incline Variant",,"",2,"normal",20,15,,,
"Fredag – Full Body / Accessory","28 Nov 2025, 15:21","28 Nov 2025, 16:26","","Plank",,"",0,"normal",,,,65,
"Fredag – Full Body / Accessory","28 Nov 2025, 15:21","28 Nov 2025, 16:26","","Plank",,"",1,"normal",,,,75,
"Fredag – Full Body / Accessory","28 Nov 2025, 15:21","28 Nov 2025, 16:26","","Plank",,"",2,"normal",,,,63,
"Onsdag – Push + Legs","26 Nov 2025, 16:20","26 Nov 2025, 17:41","","Bench Press (Dumbbell)",,"",0,"normal",60,10,,,
"Onsdag – Push + Legs","26 Nov 2025, 16:20","26 Nov 2025, 17:41","","Bench Press (Dumbbell)",,"",1,"normal",60,10,,,
"Onsdag – Push + Legs","26 Nov 2025, 16:20","26 Nov 2025, 17:41","","Bench Press (Dumbbell)",,"",2,"normal",60,12,,,
"Onsdag – Push + Legs","26 Nov 2025, 16:20","26 Nov 2025, 17:41","","Bench Press (Dumbbell)",,"",3,"normal",60,10,,,
"Onsdag – Push + Legs","26 Nov 2025, 16:20","26 Nov 2025, 17:41","","Incline Bench Press (Dumbbell)",,"",0,"normal",60,8,,,
"Onsdag – Push + Legs","26 Nov 2025, 16:20","26 Nov 2025, 17:41","","Incline Bench Press (Dumbbell)",,"",1,"normal",60,8,,,
"Onsdag – Push + Legs","26 Nov 2025, 16:20","26 Nov 2025, 17:41","","Incline Bench Press (Dumbbell)",,"",2,"normal",60,8,,,
"Onsdag – Push + Legs","26 Nov 2025, 16:20","26 Nov 2025, 17:41","","Arnold Press (Dumbbell)",,"",0,"normal",40,12,,,
"Onsdag – Push + Legs","26 Nov 2025, 16:20","26 Nov 2025, 17:41","","Arnold Press (Dumbbell)",,"",1,"normal",40,10,,,
"Onsdag – Push + Legs","26 Nov 2025, 16:20","26 Nov 2025, 17:41","","Arnold Press (Dumbbell)",,"",2,"normal",40,10,,,
"Onsdag – Push + Legs","26 Nov 2025, 16:20","26 Nov 2025, 17:41","","Chest Dip",,"",0,"normal",,8,,,
"Onsdag – Push + Legs","26 Nov 2025, 16:20","26 Nov 2025, 17:41","","Chest Dip",,"",1,"normal",,12,,,
"Onsdag – Push + Legs","26 Nov 2025, 16:20","26 Nov 2025, 17:41","","Chest Dip",,"",2,"normal",,12,,,
"Onsdag – Push + Legs","26 Nov 2025, 16:20","26 Nov 2025, 17:41","","Seated Chest Flys (Cable)",,"",0,"normal",50,12,,,
"Onsdag – Push + Legs","26 Nov 2025, 16:20","26 Nov 2025, 17:41","","Seated Chest Flys (Cable)",,"",1,"normal",50,12,,,
"Onsdag – Push + Legs","26 Nov 2025, 16:20","26 Nov 2025, 17:41","","Seated Chest Flys (Cable)",,"",2,"normal",50,13,,,
"Onsdag – Push + Legs","26 Nov 2025, 16:20","26 Nov 2025, 17:41","","Leg Extension (Machine)",,"",0,"normal",150,15,,,
"Onsdag – Push + Legs","26 Nov 2025, 16:20","26 Nov 2025, 17:41","","Leg Extension (Machine)",,"",1,"normal",150,15,,,
"Onsdag – Push + Legs","26 Nov 2025, 16:20","26 Nov 2025, 17:41","","Leg Extension (Machine)",,"",2,"normal",150,15,,,
"Mandag – Pull + Legs","24 Nov 2025, 16:17","24 Nov 2025, 17:34","","Lat Pulldown - Close Grip (Cable)",,"",0,"normal",70,12,,,
"Mandag – Pull + Legs","24 Nov 2025, 16:17","24 Nov 2025, 17:34","","Lat Pulldown - Close Grip (Cable)",,"",1,"normal",75,12,,,
"Mandag – Pull + Legs","24 Nov 2025, 16:17","24 Nov 2025, 17:34","","Lat Pulldown - Close Grip (Cable)",,"",2,"normal",75,9,,,
"Mandag – Pull + Legs","24 Nov 2025, 16:17","24 Nov 2025, 17:34","","Landmine Row",,"",0,"normal",80,10,,,
"Mandag – Pull + Legs","24 Nov 2025, 16:17","24 Nov 2025, 17:34","","Landmine Row",,"",1,"normal",70,12,,,
"Mandag – Pull + Legs","24 Nov 2025, 16:17","24 Nov 2025, 17:34","","Landmine Row",,"",2,"normal",70,12,,,
"Mandag – Pull + Legs","24 Nov 2025, 16:17","24 Nov 2025, 17:34","","Face Pull",,"",0,"normal",35,20,,,
"Mandag – Pull + Legs","24 Nov 2025, 16:17","24 Nov 2025, 17:34","","Face Pull",,"",1,"normal",35,20,,,
"Mandag – Pull + Legs","24 Nov 2025, 16:17","24 Nov 2025, 17:34","","Face Pull",,"",2,"normal",40,18,,,
"Mandag – Pull + Legs","24 Nov 2025, 16:17","24 Nov 2025, 17:34","","Seated Leg Curl (Machine)",,"",0,"normal",127.5,15,,,
"Mandag – Pull + Legs","24 Nov 2025, 16:17","24 Nov 2025, 17:34","","Seated Leg Curl (Machine)",,"",1,"normal",127.5,15,,,
"Mandag – Pull + Legs","24 Nov 2025, 16:17","24 Nov 2025, 17:34","","Seated Leg Curl (Machine)",,"",2,"normal",127.5,16,,,
"Mandag – Pull + Legs","24 Nov 2025, 16:17","24 Nov 2025, 17:34","","Deadlift (Barbell)",,"",0,"normal",80,6,,,
"Mandag – Pull + Legs","24 Nov 2025, 16:17","24 Nov 2025, 17:34","","Deadlift (Barbell)",,"",1,"normal",80,6,,,
"Mandag – Pull + Legs","24 Nov 2025, 16:17","24 Nov 2025, 17:34","","Deadlift (Barbell)",,"",2,"normal",80,6,,,
"Fredag – Full Body / Accessory","21 Nov 2025, 15:16","21 Nov 2025, 16:34","","Seated Cable Row - V Grip (Cable)",,"",0,"normal",95,12,,,
"Fredag – Full Body / Accessory","21 Nov 2025, 15:16","21 Nov 2025, 16:34","","Seated Cable Row - V Grip (Cable)",,"",1,"normal",95,10,,,
"Fredag – Full Body / Accessory","21 Nov 2025, 15:16","21 Nov 2025, 16:34","","Seated Cable Row - V Grip (Cable)",,"",2,"normal",95,12,,,
"Fredag – Full Body / Accessory","21 Nov 2025, 15:16","21 Nov 2025, 16:34","","Low Cable Fly Crossovers",,"",0,"normal",20,15,,,
"Fredag – Full Body / Accessory","21 Nov 2025, 15:16","21 Nov 2025, 16:34","","Low Cable Fly Crossovers",,"",1,"normal",20,15,,,
"Fredag – Full Body / Accessory","21 Nov 2025, 15:16","21 Nov 2025, 16:34","","Low Cable Fly Crossovers",,"",2,"normal",20,15,,,
"Fredag – Full Body / Accessory","21 Nov 2025, 15:16","21 Nov 2025, 16:34","","Behind the Back Curl (Cable)",,"",0,"normal",30,12,,,
"Fredag – Full Body / Accessory","21 Nov 2025, 15:16","21 Nov 2025, 16:34","","Behind the Back Curl (Cable)",,"",1,"normal",30,12,,,
"Fredag – Full Body / Accessory","21 Nov 2025, 15:16","21 Nov 2025, 16:34","","Behind the Back Curl (Cable)",,"",2,"normal",30,13,,,
"Fredag – Full Body / Accessory","21 Nov 2025, 15:16","21 Nov 2025, 16:34","","Lat Raise Incline Variant",,"45%",0,"normal",12,12,,,
"Fredag – Full Body / Accessory","21 Nov 2025, 15:16","21 Nov 2025, 16:34","","Lat Raise Incline Variant",,"45%",1,"normal",12,12,,,
"Fredag – Full Body / Accessory","21 Nov 2025, 15:16","21 Nov 2025, 16:34","","Plank",,"",0,"normal",,,,65,
"Fredag – Full Body / Accessory","21 Nov 2025, 15:16","21 Nov 2025, 16:34","","Plank",,"",1,"normal",,,,75,
"Fredag – Full Body / Accessory","21 Nov 2025, 15:16","21 Nov 2025, 16:34","","Plank",,"",2,"normal",,,,63,
"Onsdag – Push + Legs","19 Nov 2025, 16:21","19 Nov 2025, 17:34","","Bench Press (Dumbbell)",,"",0,"normal",60,10,,,
"Onsdag – Push + Legs","19 Nov 2025, 16:21","19 Nov 2025, 17:34","","Bench Press (Dumbbell)",,"",1,"normal",60,10,,,
"Onsdag – Push + Legs","19 Nov 2025, 16:21","19 Nov 2025, 17:34","","Bench Press (Dumbbell)",,"",2,"normal",60,10,,,
"Onsdag – Push + Legs","19 Nov 2025, 16:21","19 Nov 2025, 17:34","","Bench Press (Dumbbell)",,"",3,"normal",60,10,,,
"Onsdag – Push + Legs","19 Nov 2025, 16:21","19 Nov 2025, 17:34","","Incline Bench Press (Dumbbell)",,"",0,"normal",60,8,,,
"Onsdag – Push + Legs","19 Nov 2025, 16:21","19 Nov 2025, 17:34","","Incline Bench Press (Dumbbell)",,"",1,"normal",60,8,,,
"Onsdag – Push + Legs","19 Nov 2025, 16:21","19 Nov 2025, 17:34","","Incline Bench Press (Dumbbell)",,"",2,"normal",60,8,,,
"Onsdag – Push + Legs","19 Nov 2025, 16:21","19 Nov 2025, 17:34","","Arnold Press (Dumbbell)",,"",0,"normal",40,10,,,
"Onsdag – Push + Legs","19 Nov 2025, 16:21","19 Nov 2025, 17:34","","Arnold Press (Dumbbell)",,"",1,"normal",40,10,,,
"Onsdag – Push + Legs","19 Nov 2025, 16:21","19 Nov 2025, 17:34","","Arnold Press (Dumbbell)",,"",2,"normal",40,10,,,
"Onsdag – Push + Legs","19 Nov 2025, 16:21","19 Nov 2025, 17:34","","Chest Dip",,"",0,"normal",,8,,,
"Onsdag – Push + Legs","19 Nov 2025, 16:21","19 Nov 2025, 17:34","","Chest Dip",,"",1,"normal",,8,,,
"Onsdag – Push + Legs","19 Nov 2025, 16:21","19 Nov 2025, 17:34","","Chest Dip",,"",2,"normal",,8,,,
"Onsdag – Push + Legs","19 Nov 2025, 16:21","19 Nov 2025, 17:34","","Seated Chest Flys (Cable)",,"",0,"normal",40,15,,,
"Onsdag – Push + Legs","19 Nov 2025, 16:21","19 Nov 2025, 17:34","","Seated Chest Flys (Cable)",,"",1,"normal",40,15,,,
"Onsdag – Push + Legs","19 Nov 2025, 16:21","19 Nov 2025, 17:34","","Seated Chest Flys (Cable)",,"",2,"normal",40,15,,,
"Onsdag – Push + Legs","19 Nov 2025, 16:21","19 Nov 2025, 17:34","","Leg Extension (Machine)",,"",0,"normal",150,15,,,
"Onsdag – Push + Legs","19 Nov 2025, 16:21","19 Nov 2025, 17:34","","Leg Extension (Machine)",,"",1,"normal",165,12,,,
"Onsdag – Push + Legs","19 Nov 2025, 16:21","19 Nov 2025, 17:34","","Leg Extension (Machine)",,"",2,"normal",150,20,,,
"Monday new stuff","17 Nov 2025, 16:29","17 Nov 2025, 18:42","","Lat Pulldown - Close Grip (Cable)",,"",0,"normal",70,12,,,
"Monday new stuff","17 Nov 2025, 16:29","17 Nov 2025, 18:42","","Lat Pulldown - Close Grip (Cable)",,"",1,"normal",70,12,,,
"Monday new stuff","17 Nov 2025, 16:29","17 Nov 2025, 18:42","","Lat Pulldown - Close Grip (Cable)",,"",2,"normal",70,12,,,
"Monday new stuff","17 Nov 2025, 16:29","17 Nov 2025, 18:42","","Landmine Row",,"",0,"normal",65,12,,,
"Monday new stuff","17 Nov 2025, 16:29","17 Nov 2025, 18:42","","Landmine Row",,"",1,"normal",80,12,,,
"Monday new stuff","17 Nov 2025, 16:29","17 Nov 2025, 18:42","","Landmine Row",,"",2,"normal",80,12,,,
"Monday new stuff","17 Nov 2025, 16:29","17 Nov 2025, 18:42","","Face Pull",,"",0,"normal",35,12,,,
"Monday new stuff","17 Nov 2025, 16:29","17 Nov 2025, 18:42","","Face Pull",,"",1,"normal",35,12,,,
"Monday new stuff","17 Nov 2025, 16:29","17 Nov 2025, 18:42","","Face Pull",,"",2,"normal",35,23,,,
"Monday new stuff","17 Nov 2025, 16:29","17 Nov 2025, 18:42","","Seated Leg Curl (Machine)",,"",0,"normal",127.5,12,,,
"Monday new stuff","17 Nov 2025, 16:29","17 Nov 2025, 18:42","","Seated Leg Curl (Machine)",,"",1,"normal",127.5,12,,,
"Monday new stuff","17 Nov 2025, 16:29","17 Nov 2025, 18:42","","Seated Leg Curl (Machine)",,"",2,"normal",127.5,12,,,
"Monday new stuff","17 Nov 2025, 16:29","17 Nov 2025, 18:42","","Deadlift (Barbell)",,"",0,"normal",80,6,,,
"Monday new stuff","17 Nov 2025, 16:29","17 Nov 2025, 18:42","","Deadlift (Barbell)",,"",1,"normal",80,6,,,
"Monday new stuff","17 Nov 2025, 16:29","17 Nov 2025, 18:42","","Deadlift (Barbell)",,"",2,"normal",80,6,,,
"Onsdag - Base + Armer","12 Nov 2025, 16:14","12 Nov 2025, 17:31","","Arnold Press (Dumbbell)",,"",0,"normal",52,10,,,
"Onsdag - Base + Armer","12 Nov 2025, 16:14","12 Nov 2025, 17:31","","Arnold Press (Dumbbell)",,"",1,"normal",52,10,,,
"Onsdag - Base + Armer","12 Nov 2025, 16:14","12 Nov 2025, 17:31","","Arnold Press (Dumbbell)",,"",2,"normal",52,10,,,
"Onsdag - Base + Armer","12 Nov 2025, 16:14","12 Nov 2025, 17:31","","Chin Up",,"",0,"normal",,10,,,
"Onsdag - Base + Armer","12 Nov 2025, 16:14","12 Nov 2025, 17:31","","Chin Up",,"",1,"normal",,10,,,
"Onsdag - Base + Armer","12 Nov 2025, 16:14","12 Nov 2025, 17:31","","Chin Up",,"",2,"normal",,8,,,
"Onsdag - Base + Armer","12 Nov 2025, 16:14","12 Nov 2025, 17:31","","Preacher Curl (Dumbbell)",,"",0,"normal",16,10,,,
"Onsdag - Base + Armer","12 Nov 2025, 16:14","12 Nov 2025, 17:31","","Preacher Curl (Dumbbell)",,"",1,"normal",16,10,,,
"Onsdag - Base + Armer","12 Nov 2025, 16:14","12 Nov 2025, 17:31","","Preacher Curl (Dumbbell)",,"",2,"normal",16,10,,,
"Onsdag - Base + Armer","12 Nov 2025, 16:14","12 Nov 2025, 17:31","","Hammer Curl (Dumbbell)",,"",0,"normal",32,16,,,
"Onsdag - Base + Armer","12 Nov 2025, 16:14","12 Nov 2025, 17:31","","Hammer Curl (Dumbbell)",,"",1,"normal",36,12,,,
"Onsdag - Base + Armer","12 Nov 2025, 16:14","12 Nov 2025, 17:31","","Hammer Curl (Dumbbell)",,"",2,"normal",36,12,,,
"Onsdag - Base + Armer","12 Nov 2025, 16:14","12 Nov 2025, 17:31","","Deadlift (Barbell)",,"",0,"normal",100,6,,,
"Onsdag - Base + Armer","12 Nov 2025, 16:14","12 Nov 2025, 17:31","","Deadlift (Barbell)",,"",1,"normal",100,6,,,
"Onsdag - Base + Armer","12 Nov 2025, 16:14","12 Nov 2025, 17:31","","Deadlift (Barbell)",,"",2,"normal",100,6,,,
"Bonus trening?","11 Nov 2025, 19:40","11 Nov 2025, 21:16","","Lat Pulldown - Close Grip (Cable)",,"",0,"normal",60,15,,,
"Bonus trening?","11 Nov 2025, 19:40","11 Nov 2025, 21:16","","Lat Pulldown - Close Grip (Cable)",,"",1,"normal",60,15,,,
"Bonus trening?","11 Nov 2025, 19:40","11 Nov 2025, 21:16","","Lat Pulldown - Close Grip (Cable)",,"",2,"normal",80,6,,,
"Bonus trening?","11 Nov 2025, 19:40","11 Nov 2025, 21:16","","Lat Pulldown - Close Grip (Cable)",,"",3,"normal",70,15,,,
"Bonus trening?","11 Nov 2025, 19:40","11 Nov 2025, 21:16","","Lat Pulldown - Close Grip (Cable)",,"",4,"normal",80,12,,,
"Bonus trening?","11 Nov 2025, 19:40","11 Nov 2025, 21:16","","Incline Bench Press (Barbell)",,"",0,"normal",60,10,,,
"Bonus trening?","11 Nov 2025, 19:40","11 Nov 2025, 21:16","","Incline Bench Press (Barbell)",,"",1,"normal",80,6,,,
"Bonus trening?","11 Nov 2025, 19:40","11 Nov 2025, 21:16","","Squat (Barbell)",,"",0,"normal",80,6,,,
"Bonus trening?","11 Nov 2025, 19:40","11 Nov 2025, 21:16","","Squat (Barbell)",,"",1,"normal",80,6,,,
"Bonus trening?","11 Nov 2025, 19:40","11 Nov 2025, 21:16","","Bench Press - Close Grip (Barbell)",,"",0,"normal",60,20,,,
"Bonus trening?","11 Nov 2025, 19:40","11 Nov 2025, 21:16","","Bench Press - Close Grip (Barbell)",,"",1,"normal",60,20,,,
"Bonus trening?","11 Nov 2025, 19:40","11 Nov 2025, 21:16","","Hip Abduction (Machine)",,"",0,"normal",40,20,,,
"Bonus trening?","11 Nov 2025, 19:40","11 Nov 2025, 21:16","","Hip Abduction (Machine)",,"",1,"normal",55,12,,,
"Bonus trening?","11 Nov 2025, 19:40","11 Nov 2025, 21:16","","Hip Abduction (Machine)",,"",2,"normal",70,15,,,
"Bonus trening?","11 Nov 2025, 19:40","11 Nov 2025, 21:16","","Hip Abduction (Machine)",,"",3,"normal",70,15,,,
"Bonus trening?","11 Nov 2025, 19:40","11 Nov 2025, 21:16","","Hip Adduction (Machine)",,"",0,"normal",40,15,,,
"Bonus trening?","11 Nov 2025, 19:40","11 Nov 2025, 21:16","","Hip Adduction (Machine)",,"",1,"normal",60,12,,,
"Bonus trening?","11 Nov 2025, 19:40","11 Nov 2025, 21:16","","Hip Adduction (Machine)",,"",2,"normal",55,12,,,
"Bonus trening?","11 Nov 2025, 19:40","11 Nov 2025, 21:16","","Lying Leg Curl (Machine)",,"",0,"normal",47.5,12,,,
"Bonus trening?","11 Nov 2025, 19:40","11 Nov 2025, 21:16","","Lying Leg Curl (Machine)",,"",1,"normal",47.5,12,,,
"Bonus trening?","11 Nov 2025, 19:40","11 Nov 2025, 21:16","","Lying Leg Curl (Machine)",,"",2,"normal",54.4,9,,,
"Bonus trening?","11 Nov 2025, 19:40","11 Nov 2025, 21:16","","Crunch",,"",0,"normal",,15,,,
"Mandag - Trekk + Triceps + Leg","10 Nov 2025, 16:26","10 Nov 2025, 17:46","","Single Arm Cable Row",,"",0,"normal",90,10,,,
"Mandag - Trekk + Triceps + Leg","10 Nov 2025, 16:26","10 Nov 2025, 17:46","","Single Arm Cable Row",,"",1,"normal",90,10,,,
"Mandag - Trekk + Triceps + Leg","10 Nov 2025, 16:26","10 Nov 2025, 17:46","","Single Arm Cable Row",,"",2,"normal",80,15,,,
"Mandag - Trekk + Triceps + Leg","10 Nov 2025, 16:26","10 Nov 2025, 17:46","","Incline Bench Press (Dumbbell)",,"",0,"normal",60,15,,,
"Mandag - Trekk + Triceps + Leg","10 Nov 2025, 16:26","10 Nov 2025, 17:46","","Incline Bench Press (Dumbbell)",,"",1,"normal",60,13,,,
"Mandag - Trekk + Triceps + Leg","10 Nov 2025, 16:26","10 Nov 2025, 17:46","","Incline Bench Press (Dumbbell)",,"",2,"normal",60,11,,,
"Mandag - Trekk + Triceps + Leg","10 Nov 2025, 16:26","10 Nov 2025, 17:46","","Incline Bench Press (Dumbbell)",,"",3,"normal",60,9,,,
"Mandag - Trekk + Triceps + Leg","10 Nov 2025, 16:26","10 Nov 2025, 17:46","","Skullcrusher (Dumbbell)",,"",0,"normal",32,12,,,
"Mandag - Trekk + Triceps + Leg","10 Nov 2025, 16:26","10 Nov 2025, 17:46","","Skullcrusher (Dumbbell)",,"",1,"normal",32,12,,,
"Mandag - Trekk + Triceps + Leg","10 Nov 2025, 16:26","10 Nov 2025, 17:46","","Skullcrusher (Dumbbell)",,"",2,"normal",32,12,,,
"Mandag - Trekk + Triceps + Leg","10 Nov 2025, 16:26","10 Nov 2025, 17:46","","Skullcrusher (Dumbbell)",,"",3,"normal",32,13,,,
"Mandag - Trekk + Triceps + Leg","10 Nov 2025, 16:26","10 Nov 2025, 17:46","","Reverse grip triceps Extension",,"",0,"normal",20,12,,,
"Mandag - Trekk + Triceps + Leg","10 Nov 2025, 16:26","10 Nov 2025, 17:46","","Reverse grip triceps Extension",,"",1,"normal",20,12,,,
"Mandag - Trekk + Triceps + Leg","10 Nov 2025, 16:26","10 Nov 2025, 17:46","","Reverse grip triceps Extension",,"",2,"normal",20,16,,,
"Mandag - Trekk + Triceps + Leg","10 Nov 2025, 16:26","10 Nov 2025, 17:46","","Leg Extension (Machine)",,"",0,"normal",165,12,,,
"Mandag - Trekk + Triceps + Leg","10 Nov 2025, 16:26","10 Nov 2025, 17:46","","Leg Extension (Machine)",,"",1,"normal",165,11,,,
"Mandag - Trekk + Triceps + Leg","10 Nov 2025, 16:26","10 Nov 2025, 17:46","","Leg Extension (Machine)",,"",2,"normal",150,12,,,
"Mandag - Trekk + Triceps + Leg","10 Nov 2025, 16:26","10 Nov 2025, 17:46","","Leg Extension (Machine)",,"",3,"normal",150,21,,,
"Fredag - Press + Biceps","8 Nov 2025, 08:12","8 Nov 2025, 09:28","","Bench Press (Dumbbell)",,"",0,"normal",40,12,,,
"Fredag - Press + Biceps","8 Nov 2025, 08:12","8 Nov 2025, 09:28","","Bench Press (Dumbbell)",,"",1,"normal",36,15,,,
"Fredag - Press + Biceps","8 Nov 2025, 08:12","8 Nov 2025, 09:28","","Bench Press (Dumbbell)",,"",2,"normal",36,16,,,
"Fredag - Press + Biceps","8 Nov 2025, 08:12","8 Nov 2025, 09:28","","Lat Raise Incline Variant",,"",0,"normal",16,13,,,
"Fredag - Press + Biceps","8 Nov 2025, 08:12","8 Nov 2025, 09:28","","Lat Raise Incline Variant",,"",1,"normal",16,15,,,
"Fredag - Press + Biceps","8 Nov 2025, 08:12","8 Nov 2025, 09:28","","Lat Raise Incline Variant",,"",2,"normal",16,25,,,
"Fredag - Press + Biceps","8 Nov 2025, 08:12","8 Nov 2025, 09:28","","Triceps Extension (Cable)",,"",0,"normal",25,15,,,
"Fredag - Press + Biceps","8 Nov 2025, 08:12","8 Nov 2025, 09:28","","Triceps Extension (Cable)",,"",1,"normal",35,9,,,
"Fredag - Press + Biceps","8 Nov 2025, 08:12","8 Nov 2025, 09:28","","Triceps Extension (Cable)",,"",2,"normal",27.5,11,,,
"Fredag - Press + Biceps","8 Nov 2025, 08:12","8 Nov 2025, 09:28","","Behind the Back Curl (Cable)",,"",0,"normal",25,22,,,
"Fredag - Press + Biceps","8 Nov 2025, 08:12","8 Nov 2025, 09:28","","Behind the Back Curl (Cable)",,"",1,"normal",25,22,,,
"Fredag - Press + Biceps","8 Nov 2025, 08:12","8 Nov 2025, 09:28","","Behind the Back Curl (Cable)",,"",2,"normal",25,18,,,
"Fredag - Press + Biceps","8 Nov 2025, 08:12","8 Nov 2025, 09:28","","Seated Leg Curl (Machine)",,"",0,"normal",127.5,12,,,
"Fredag - Press + Biceps","8 Nov 2025, 08:12","8 Nov 2025, 09:28","","Seated Leg Curl (Machine)",,"",1,"normal",135,10,,,
"Fredag - Press + Biceps","8 Nov 2025, 08:12","8 Nov 2025, 09:28","","Seated Leg Curl (Machine)",,"",2,"normal",127.5,13,,,
"Onsdag - Base + Armer","5 Nov 2025, 16:18","5 Nov 2025, 17:20","","Arnold Press (Dumbbell)",,"",0,"normal",52,10,,,
"Onsdag - Base + Armer","5 Nov 2025, 16:18","5 Nov 2025, 17:20","","Arnold Press (Dumbbell)",,"",1,"normal",52,10,,,
"Onsdag - Base + Armer","5 Nov 2025, 16:18","5 Nov 2025, 17:20","","Arnold Press (Dumbbell)",,"",2,"normal",52,10,,,
"Onsdag - Base + Armer","5 Nov 2025, 16:18","5 Nov 2025, 17:20","","Chin Up",,"",0,"normal",,11,,,
"Onsdag - Base + Armer","5 Nov 2025, 16:18","5 Nov 2025, 17:20","","Chin Up",,"",1,"normal",,13,,,
"Onsdag - Base + Armer","5 Nov 2025, 16:18","5 Nov 2025, 17:20","","Chin Up",,"",2,"normal",,8,,,
"Onsdag - Base + Armer","5 Nov 2025, 16:18","5 Nov 2025, 17:20","","Seated Incline Curl (Dumbbell)",,"",0,"normal",32,10,,,
"Onsdag - Base + Armer","5 Nov 2025, 16:18","5 Nov 2025, 17:20","","Seated Incline Curl (Dumbbell)",,"",1,"normal",32,11,,,
"Onsdag - Base + Armer","5 Nov 2025, 16:18","5 Nov 2025, 17:20","","Seated Incline Curl (Dumbbell)",,"",2,"normal",32,10,,,
"Onsdag - Base + Armer","5 Nov 2025, 16:18","5 Nov 2025, 17:20","","Hammer Curl (Dumbbell)",,"",0,"normal",28,15,,,
"Onsdag - Base + Armer","5 Nov 2025, 16:18","5 Nov 2025, 17:20","","Hammer Curl (Dumbbell)",,"",1,"normal",28,15,,,
"Onsdag - Base + Armer","5 Nov 2025, 16:18","5 Nov 2025, 17:20","","Hammer Curl (Dumbbell)",,"",2,"normal",32,15,,,
"Onsdag - Base + Armer","5 Nov 2025, 16:18","5 Nov 2025, 17:20","","Deadlift (Barbell)",,"",0,"normal",80,6,,,
"Onsdag - Base + Armer","5 Nov 2025, 16:18","5 Nov 2025, 17:20","","Deadlift (Barbell)",,"",1,"normal",80,6,,,
"Onsdag - Base + Armer","5 Nov 2025, 16:18","5 Nov 2025, 17:20","","Deadlift (Barbell)",,"",2,"normal",60,6,,,
"Mandag - Trekk + Triceps + Leg","3 Nov 2025, 16:09","3 Nov 2025, 17:24","","Single Arm Cable Row",,"",0,"normal",100,6,,,
"Mandag - Trekk + Triceps + Leg","3 Nov 2025, 16:09","3 Nov 2025, 17:24","","Single Arm Cable Row",,"",1,"normal",100,6,,,
"Mandag - Trekk + Triceps + Leg","3 Nov 2025, 16:09","3 Nov 2025, 17:24","","Single Arm Cable Row",,"",2,"normal",80,13,,,
"Mandag - Trekk + Triceps + Leg","3 Nov 2025, 16:09","3 Nov 2025, 17:24","","Incline Bench Press (Dumbbell)",,"",0,"normal",60,14,,,
"Mandag - Trekk + Triceps + Leg","3 Nov 2025, 16:09","3 Nov 2025, 17:24","","Incline Bench Press (Dumbbell)",,"",1,"normal",60,10,,,
"Mandag - Trekk + Triceps + Leg","3 Nov 2025, 16:09","3 Nov 2025, 17:24","","Incline Bench Press (Dumbbell)",,"",2,"normal",60,10,,,
"Mandag - Trekk + Triceps + Leg","3 Nov 2025, 16:09","3 Nov 2025, 17:24","","Incline Bench Press (Dumbbell)",,"",3,"normal",60,10,,,
"Mandag - Trekk + Triceps + Leg","3 Nov 2025, 16:09","3 Nov 2025, 17:24","","Skullcrusher (Dumbbell)",,"",0,"normal",32,12,,,
"Mandag - Trekk + Triceps + Leg","3 Nov 2025, 16:09","3 Nov 2025, 17:24","","Skullcrusher (Dumbbell)",,"",1,"normal",32,12,,,
"Mandag - Trekk + Triceps + Leg","3 Nov 2025, 16:09","3 Nov 2025, 17:24","","Skullcrusher (Dumbbell)",,"",2,"normal",32,12,,,
"Mandag - Trekk + Triceps + Leg","3 Nov 2025, 16:09","3 Nov 2025, 17:24","","Skullcrusher (Dumbbell)",,"",3,"normal",32,10,,,
"Mandag - Trekk + Triceps + Leg","3 Nov 2025, 16:09","3 Nov 2025, 17:24","","Reverse grip triceps Extension",,"",0,"normal",15,15,,,
"Mandag - Trekk + Triceps + Leg","3 Nov 2025, 16:09","3 Nov 2025, 17:24","","Reverse grip triceps Extension",,"",1,"normal",15,15,,,
"Mandag - Trekk + Triceps + Leg","3 Nov 2025, 16:09","3 Nov 2025, 17:24","","Reverse grip triceps Extension",,"",2,"normal",15,15,,,
"Mandag - Trekk + Triceps + Leg","3 Nov 2025, 16:09","3 Nov 2025, 17:24","","Leg Extension (Machine)",,"",0,"normal",135,12,,,
"Mandag - Trekk + Triceps + Leg","3 Nov 2025, 16:09","3 Nov 2025, 17:24","","Leg Extension (Machine)",,"",1,"normal",142.5,12,,,
"Mandag - Trekk + Triceps + Leg","3 Nov 2025, 16:09","3 Nov 2025, 17:24","","Leg Extension (Machine)",,"",2,"normal",150,13,,,
"Mandag - Trekk + Triceps + Leg","3 Nov 2025, 16:09","3 Nov 2025, 17:24","","Leg Extension (Machine)",,"",3,"normal",150,15,,,
"Onsdag - Base + Armer","29 Oct 2025, 16:16","29 Oct 2025, 17:30","","Arnold Press (Dumbbell)",,"",0,"normal",52,10,,,
"Onsdag - Base + Armer","29 Oct 2025, 16:16","29 Oct 2025, 17:30","","Arnold Press (Dumbbell)",,"",1,"normal",52,10,,,
"Onsdag - Base + Armer","29 Oct 2025, 16:16","29 Oct 2025, 17:30","","Arnold Press (Dumbbell)",,"",2,"normal",52,8,,,
"Onsdag - Base + Armer","29 Oct 2025, 16:16","29 Oct 2025, 17:30","","Chin Up",,"",0,"normal",,10,,,
"Onsdag - Base + Armer","29 Oct 2025, 16:16","29 Oct 2025, 17:30","","Chin Up",,"",1,"normal",,8,,,
"Onsdag - Base + Armer","29 Oct 2025, 16:16","29 Oct 2025, 17:30","","Chin Up",,"",2,"normal",,8,,,
"Onsdag - Base + Armer","29 Oct 2025, 16:16","29 Oct 2025, 17:30","","Seated Incline Curl (Dumbbell)",,"",0,"normal",32,10,,,
"Onsdag - Base + Armer","29 Oct 2025, 16:16","29 Oct 2025, 17:30","","Seated Incline Curl (Dumbbell)",,"",1,"normal",32,10,,,
"Onsdag - Base + Armer","29 Oct 2025, 16:16","29 Oct 2025, 17:30","","Seated Incline Curl (Dumbbell)",,"",2,"normal",32,10,,,
"Onsdag - Base + Armer","29 Oct 2025, 16:16","29 Oct 2025, 17:30","","Hammer Curl (Dumbbell)",,"",0,"normal",28,12,,,
"Onsdag - Base + Armer","29 Oct 2025, 16:16","29 Oct 2025, 17:30","","Hammer Curl (Dumbbell)",,"",1,"normal",28,15,,,
"Onsdag - Base + Armer","29 Oct 2025, 16:16","29 Oct 2025, 17:30","","Hammer Curl (Dumbbell)",,"",2,"normal",28,15,,,
"Onsdag - Base + Armer","29 Oct 2025, 16:16","29 Oct 2025, 17:30","","Deadlift (Barbell)",,"Row med bare rygg",0,"normal",60,20,,,
"Onsdag - Base + Armer","29 Oct 2025, 16:16","29 Oct 2025, 17:30","","Deadlift (Barbell)",,"Row med bare rygg",1,"normal",60,20,,,
"Onsdag - Base + Armer","29 Oct 2025, 16:16","29 Oct 2025, 17:30","","Deadlift (Barbell)",,"Row med bare rygg",2,"normal",60,20,,,
"Mandag - Trekk + Triceps + Leg","27 Oct 2025, 16:30","27 Oct 2025, 17:41","","Single Arm Cable Row",,"",0,"normal",100,6,,,
"Mandag - Trekk + Triceps + Leg","27 Oct 2025, 16:30","27 Oct 2025, 17:41","","Single Arm Cable Row",,"",1,"normal",100,6,,,
"Mandag - Trekk + Triceps + Leg","27 Oct 2025, 16:30","27 Oct 2025, 17:41","","Single Arm Cable Row",,"",2,"normal",70,13,,,
"Mandag - Trekk + Triceps + Leg","27 Oct 2025, 16:30","27 Oct 2025, 17:41","","Incline Bench Press (Dumbbell)",,"",0,"normal",60,12,,,
"Mandag - Trekk + Triceps + Leg","27 Oct 2025, 16:30","27 Oct 2025, 17:41","","Incline Bench Press (Dumbbell)",,"",1,"normal",60,13,,,
"Mandag - Trekk + Triceps + Leg","27 Oct 2025, 16:30","27 Oct 2025, 17:41","","Incline Bench Press (Dumbbell)",,"",2,"normal",60,10,,,
"Mandag - Trekk + Triceps + Leg","27 Oct 2025, 16:30","27 Oct 2025, 17:41","","Incline Bench Press (Dumbbell)",,"",3,"normal",60,11,,,
"Mandag - Trekk + Triceps + Leg","27 Oct 2025, 16:30","27 Oct 2025, 17:41","","Skullcrusher (Dumbbell)",,"",0,"normal",32,12,,,
"Mandag - Trekk + Triceps + Leg","27 Oct 2025, 16:30","27 Oct 2025, 17:41","","Skullcrusher (Dumbbell)",,"",1,"normal",32,12,,,
"Mandag - Trekk + Triceps + Leg","27 Oct 2025, 16:30","27 Oct 2025, 17:41","","Skullcrusher (Dumbbell)",,"",2,"normal",32,12,,,
"Mandag - Trekk + Triceps + Leg","27 Oct 2025, 16:30","27 Oct 2025, 17:41","","Skullcrusher (Dumbbell)",,"",3,"normal",32,11,,,
"Mandag - Trekk + Triceps + Leg","27 Oct 2025, 16:30","27 Oct 2025, 17:41","","Reverse grip triceps Extension",,"",0,"normal",20,12,,,
"Mandag - Trekk + Triceps + Leg","27 Oct 2025, 16:30","27 Oct 2025, 17:41","","Reverse grip triceps Extension",,"",1,"normal",15,15,,,
"Mandag - Trekk + Triceps + Leg","27 Oct 2025, 16:30","27 Oct 2025, 17:41","","Reverse grip triceps Extension",,"",2,"normal",15,16,,,
"Mandag - Trekk + Triceps + Leg","27 Oct 2025, 16:30","27 Oct 2025, 17:41","","Leg Extension (Machine)",,"",0,"normal",127.5,15,,,
"Mandag - Trekk + Triceps + Leg","27 Oct 2025, 16:30","27 Oct 2025, 17:41","","Leg Extension (Machine)",,"",1,"normal",135,15,,,
"Mandag - Trekk + Triceps + Leg","27 Oct 2025, 16:30","27 Oct 2025, 17:41","","Leg Extension (Machine)",,"",2,"normal",135,15,,,
"Mandag - Trekk + Triceps + Leg","27 Oct 2025, 16:30","27 Oct 2025, 17:41","","Leg Extension (Machine)",,"",3,"normal",135,18,,,
"Fredag - Press + Biceps","24 Oct 2025, 15:10","24 Oct 2025, 16:06","","Bench Press (Dumbbell)",,"",0,"normal",36,15,,,
"Fredag - Press + Biceps","24 Oct 2025, 15:10","24 Oct 2025, 16:06","","Bench Press (Dumbbell)",,"",1,"normal",36,15,,,
"Fredag - Press + Biceps","24 Oct 2025, 15:10","24 Oct 2025, 16:06","","Bench Press (Dumbbell)",,"",2,"normal",36,15,,,
"Fredag - Press + Biceps","24 Oct 2025, 15:10","24 Oct 2025, 16:06","","Bench Press (Dumbbell)",,"",3,"normal",36,12,,,
"Fredag - Press + Biceps","24 Oct 2025, 15:10","24 Oct 2025, 16:06","","Lat Raise Incline Variant",,"",0,"normal",12,8,,,
"Fredag - Press + Biceps","24 Oct 2025, 15:10","24 Oct 2025, 16:06","","Lat Raise Incline Variant",,"",1,"normal",12,9,,,
"Fredag - Press + Biceps","24 Oct 2025, 15:10","24 Oct 2025, 16:06","","Lat Raise Incline Variant",,"",2,"normal",12,9,,,
"Fredag - Press + Biceps","24 Oct 2025, 15:10","24 Oct 2025, 16:06","","Lat Raise Incline Variant",,"",3,"normal",12,9,,,
"Fredag - Press + Biceps","24 Oct 2025, 15:10","24 Oct 2025, 16:06","","Behind the Back Curl (Cable)",,"",0,"normal",20,12,,,
"Fredag - Press + Biceps","24 Oct 2025, 15:10","24 Oct 2025, 16:06","","Behind the Back Curl (Cable)",,"",1,"normal",20,14,,,
"Fredag - Press + Biceps","24 Oct 2025, 15:10","24 Oct 2025, 16:06","","Behind the Back Curl (Cable)",,"",2,"normal",20,15,,,
"Fredag - Press + Biceps","24 Oct 2025, 15:10","24 Oct 2025, 16:06","","Seated Leg Curl (Machine)",,"",0,"normal",67.5,15,,,
"Fredag - Press + Biceps","24 Oct 2025, 15:10","24 Oct 2025, 16:06","","Seated Leg Curl (Machine)",,"",1,"normal",67.5,15,,,
"Fredag - Press + Biceps","24 Oct 2025, 15:10","24 Oct 2025, 16:06","","Seated Leg Curl (Machine)",,"",2,"normal",67.5,15,,,
"Fredag - Press + Biceps","24 Oct 2025, 15:10","24 Oct 2025, 16:06","","Seated Leg Curl (Machine)",,"",3,"normal",67.5,15,,,
"Onsdag - Base + Armer","22 Oct 2025, 16:11","22 Oct 2025, 16:56","","Arnold Press (Dumbbell)",,"",0,"normal",48,7,,,
"Onsdag - Base + Armer","22 Oct 2025, 16:11","22 Oct 2025, 16:56","","Arnold Press (Dumbbell)",,"",1,"normal",48,6,,,
"Onsdag - Base + Armer","22 Oct 2025, 16:11","22 Oct 2025, 16:56","","Arnold Press (Dumbbell)",,"",2,"normal",48,5,,,
"Onsdag - Base + Armer","22 Oct 2025, 16:11","22 Oct 2025, 16:56","","Chin Up",,"",0,"normal",,8,,,
"Onsdag - Base + Armer","22 Oct 2025, 16:11","22 Oct 2025, 16:56","","Chin Up",,"",1,"normal",,9,,,
"Onsdag - Base + Armer","22 Oct 2025, 16:11","22 Oct 2025, 16:56","","Chin Up",,"",2,"normal",,8,,,
"Onsdag - Base + Armer","22 Oct 2025, 16:11","22 Oct 2025, 16:56","","Seated Incline Curl (Dumbbell)",,"",0,"normal",20,10,,,
"Onsdag - Base + Armer","22 Oct 2025, 16:11","22 Oct 2025, 16:56","","Seated Incline Curl (Dumbbell)",,"",1,"normal",20,10,,,
"Onsdag - Base + Armer","22 Oct 2025, 16:11","22 Oct 2025, 16:56","","Seated Incline Curl (Dumbbell)",,"",2,"normal",20,10,,,
"Onsdag - Base + Armer","22 Oct 2025, 16:11","22 Oct 2025, 16:56","","Cross Body Hammer Curl",,"",0,"normal",12,12,,,
"Onsdag - Base + Armer","22 Oct 2025, 16:11","22 Oct 2025, 16:56","","Cross Body Hammer Curl",,"",1,"normal",12,13,,,
"Onsdag - Base + Armer","22 Oct 2025, 16:11","22 Oct 2025, 16:56","","Cross Body Hammer Curl",,"",2,"normal",12,12,,,
"Onsdag - Base + Armer","22 Oct 2025, 16:11","22 Oct 2025, 16:56","","Deadlift (Barbell)",,"",0,"normal",60,6,,,
"Onsdag - Base + Armer","22 Oct 2025, 16:11","22 Oct 2025, 16:56","","Deadlift (Barbell)",,"",1,"normal",60,6,,,
"Onsdag - Base + Armer","22 Oct 2025, 16:11","22 Oct 2025, 16:56","","Deadlift (Barbell)",,"",2,"normal",60,6,,,
"Mandag - Trekk + Triceps + Leg","20 Oct 2025, 16:42","20 Oct 2025, 17:18","","Single Arm Cable Row",,"",0,"normal",85,9,,,
"Mandag - Trekk + Triceps + Leg","20 Oct 2025, 16:42","20 Oct 2025, 17:18","","Single Arm Cable Row",,"",1,"normal",90,9,,,
"Mandag - Trekk + Triceps + Leg","20 Oct 2025, 16:42","20 Oct 2025, 17:18","","Single Arm Cable Row",,"",2,"normal",100,6,,,
"Mandag - Trekk + Triceps + Leg","20 Oct 2025, 16:42","20 Oct 2025, 17:18","","Incline Bench Press (Dumbbell)",,"",0,"normal",48,15,,,
"Mandag - Trekk + Triceps + Leg","20 Oct 2025, 16:42","20 Oct 2025, 17:18","","Incline Bench Press (Dumbbell)",,"",1,"normal",48,15,,,
"Mandag - Trekk + Triceps + Leg","20 Oct 2025, 16:42","20 Oct 2025, 17:18","","Incline Bench Press (Dumbbell)",,"",2,"normal",48,11,,,
"Mandag - Trekk + Triceps + Leg","20 Oct 2025, 16:42","20 Oct 2025, 17:18","","Incline Bench Press (Dumbbell)",,"",3,"normal",48,13,,,
"Mandag - Trekk + Triceps + Leg","20 Oct 2025, 16:42","20 Oct 2025, 17:18","","Skullcrusher (Dumbbell)",,"",0,"normal",20,12,,,
"Mandag - Trekk + Triceps + Leg","20 Oct 2025, 16:42","20 Oct 2025, 17:18","","Skullcrusher (Dumbbell)",,"",1,"normal",20,12,,,
"Mandag - Trekk + Triceps + Leg","20 Oct 2025, 16:42","20 Oct 2025, 17:18","","Skullcrusher (Dumbbell)",,"",2,"normal",20,12,,,
"Mandag - Trekk + Triceps + Leg","20 Oct 2025, 16:42","20 Oct 2025, 17:18","","Reverse grip triceps Extension",,"",0,"normal",15,12,,,
"Mandag - Trekk + Triceps + Leg","20 Oct 2025, 16:42","20 Oct 2025, 17:18","","Reverse grip triceps Extension",,"",1,"normal",10,15,,,
"Mandag - Trekk + Triceps + Leg","20 Oct 2025, 16:42","20 Oct 2025, 17:18","","Reverse grip triceps Extension",,"",2,"normal",10,15,,,
"Mandag - Trekk + Triceps + Leg","20 Oct 2025, 16:42","20 Oct 2025, 17:18","","Leg Extension (Machine)",,"",0,"normal",90,15,,,
"Mandag - Trekk + Triceps + Leg","20 Oct 2025, 16:42","20 Oct 2025, 17:18","","Leg Extension (Machine)",,"",1,"normal",110,15,,,
"Mandag - Trekk + Triceps + Leg","20 Oct 2025, 16:42","20 Oct 2025, 17:18","","Leg Extension (Machine)",,"",2,"normal",110,15,,,
"Mandag - Trekk + Triceps + Leg","20 Oct 2025, 16:42","20 Oct 2025, 17:18","","Leg Extension (Machine)",,"",3,"normal",110,15,,,
"Fredag - Press + Biceps","17 Oct 2025, 15:18","17 Oct 2025, 16:51","","Bench Press (Dumbbell)",,"",0,"normal",60,14,,,
"Fredag - Press + Biceps","17 Oct 2025, 15:18","17 Oct 2025, 16:51","","Bench Press (Dumbbell)",,"",1,"normal",60,15,,,
"Fredag - Press + Biceps","17 Oct 2025, 15:18","17 Oct 2025, 16:51","","Bench Press (Dumbbell)",,"",2,"normal",60,15,,,
"Fredag - Press + Biceps","17 Oct 2025, 15:18","17 Oct 2025, 16:51","","Bench Press (Dumbbell)",,"",3,"normal",60,12,,,
"Fredag - Press + Biceps","17 Oct 2025, 15:18","17 Oct 2025, 16:51","","Lat Raise Incline Variant",,"",0,"normal",6,10,,,
"Fredag - Press + Biceps","17 Oct 2025, 15:18","17 Oct 2025, 16:51","","Lat Raise Incline Variant",,"",1,"normal",6,16,,,
"Fredag - Press + Biceps","17 Oct 2025, 15:18","17 Oct 2025, 16:51","","Lat Raise Incline Variant",,"",2,"normal",6,16,,,
"Fredag - Press + Biceps","17 Oct 2025, 15:18","17 Oct 2025, 16:51","","Lat Raise Incline Variant",,"",3,"normal",6,18,,,
"Fredag - Press + Biceps","17 Oct 2025, 15:18","17 Oct 2025, 16:51","","Behind the Back Curl (Cable)",,"",0,"normal",30,13,,,
"Fredag - Press + Biceps","17 Oct 2025, 15:18","17 Oct 2025, 16:51","","Behind the Back Curl (Cable)",,"",1,"normal",30,15,,,
"Fredag - Press + Biceps","17 Oct 2025, 15:18","17 Oct 2025, 16:51","","Behind the Back Curl (Cable)",,"",2,"normal",30,17,,,
"Fredag - Press + Biceps","17 Oct 2025, 15:18","17 Oct 2025, 16:51","","Seated Leg Curl (Machine)",,"",0,"normal",120,15,,,
"Fredag - Press + Biceps","17 Oct 2025, 15:18","17 Oct 2025, 16:51","","Seated Leg Curl (Machine)",,"",1,"normal",120,15,,,
"Fredag - Press + Biceps","17 Oct 2025, 15:18","17 Oct 2025, 16:51","","Seated Leg Curl (Machine)",,"",2,"normal",120,15,,,
"Fredag - Press + Biceps","17 Oct 2025, 15:18","17 Oct 2025, 16:51","","Seated Leg Curl (Machine)",,"",3,"normal",127.5,17,,,
"Onsdag - Base + Armer","15 Oct 2025, 16:20","15 Oct 2025, 17:12","","Arnold Press (Dumbbell)",,"",0,"normal",48,12,,,
"Onsdag - Base + Armer","15 Oct 2025, 16:20","15 Oct 2025, 17:12","","Arnold Press (Dumbbell)",,"",1,"normal",52,10,,,
"Onsdag - Base + Armer","15 Oct 2025, 16:20","15 Oct 2025, 17:12","","Arnold Press (Dumbbell)",,"",2,"normal",52,8,,,
"Onsdag - Base + Armer","15 Oct 2025, 16:20","15 Oct 2025, 17:12","","Chin Up",,"50 hjelp bøyde knær",0,"normal",,8,,,
"Onsdag - Base + Armer","15 Oct 2025, 16:20","15 Oct 2025, 17:12","","Chin Up",,"50 hjelp bøyde knær",1,"normal",,8,,,
"Onsdag - Base + Armer","15 Oct 2025, 16:20","15 Oct 2025, 17:12","","Chin Up",,"50 hjelp bøyde knær",2,"normal",,9,,,
"Onsdag - Base + Armer","15 Oct 2025, 16:20","15 Oct 2025, 17:12","","Seated Incline Curl (Dumbbell)",,"",0,"normal",32,10,,,
"Onsdag - Base + Armer","15 Oct 2025, 16:20","15 Oct 2025, 17:12","","Seated Incline Curl (Dumbbell)",,"",1,"normal",32,10,,,
"Onsdag - Base + Armer","15 Oct 2025, 16:20","15 Oct 2025, 17:12","","Seated Incline Curl (Dumbbell)",,"",2,"normal",32,10,,,
"Onsdag - Base + Armer","15 Oct 2025, 16:20","15 Oct 2025, 17:12","","Cross Body Hammer Curl",,"",0,"normal",20,12,,,
"Onsdag - Base + Armer","15 Oct 2025, 16:20","15 Oct 2025, 17:12","","Cross Body Hammer Curl",,"",1,"normal",24,14,,,
"Onsdag - Base + Armer","15 Oct 2025, 16:20","15 Oct 2025, 17:12","","Cross Body Hammer Curl",,"",2,"normal",28,11,,,
"Onsdag - Base + Armer","15 Oct 2025, 16:20","15 Oct 2025, 17:12","","Deadlift (Barbell)",,"",0,"normal",120,5,,,
"Onsdag - Base + Armer","15 Oct 2025, 16:20","15 Oct 2025, 17:12","","Deadlift (Barbell)",,"",1,"normal",120,5,,,
"Mandag - Trekk + Triceps + Leg","13 Oct 2025, 16:09","13 Oct 2025, 17:43","","Single Arm Cable Row",,"",0,"normal",80,9,,,
"Mandag - Trekk + Triceps + Leg","13 Oct 2025, 16:09","13 Oct 2025, 17:43","","Single Arm Cable Row",,"",1,"normal",85,8,,,
"Mandag - Trekk + Triceps + Leg","13 Oct 2025, 16:09","13 Oct 2025, 17:43","","Single Arm Cable Row",,"",2,"normal",90,6,,,
"Mandag - Trekk + Triceps + Leg","13 Oct 2025, 16:09","13 Oct 2025, 17:43","","Incline Bench Press (Dumbbell)",,"",0,"normal",60,10,,,
"Mandag - Trekk + Triceps + Leg","13 Oct 2025, 16:09","13 Oct 2025, 17:43","","Incline Bench Press (Dumbbell)",,"",1,"normal",60,10,,,
"Mandag - Trekk + Triceps + Leg","13 Oct 2025, 16:09","13 Oct 2025, 17:43","","Incline Bench Press (Dumbbell)",,"",2,"normal",60,10,,,
"Mandag - Trekk + Triceps + Leg","13 Oct 2025, 16:09","13 Oct 2025, 17:43","","Incline Bench Press (Dumbbell)",,"",3,"normal",60,11,,,
"Mandag - Trekk + Triceps + Leg","13 Oct 2025, 16:09","13 Oct 2025, 17:43","","Skullcrusher (Dumbbell)",,"",0,"normal",32,12,,,
"Mandag - Trekk + Triceps + Leg","13 Oct 2025, 16:09","13 Oct 2025, 17:43","","Skullcrusher (Dumbbell)",,"",1,"normal",32,11,,,
"Mandag - Trekk + Triceps + Leg","13 Oct 2025, 16:09","13 Oct 2025, 17:43","","Skullcrusher (Dumbbell)",,"",2,"normal",32,12,,,
"Mandag - Trekk + Triceps + Leg","13 Oct 2025, 16:09","13 Oct 2025, 17:43","","Skullcrusher (Dumbbell)",,"",3,"normal",28,11,,,
"Mandag - Trekk + Triceps + Leg","13 Oct 2025, 16:09","13 Oct 2025, 17:43","","Reverse grip triceps Extension",,"",0,"normal",20,15,,,
"Mandag - Trekk + Triceps + Leg","13 Oct 2025, 16:09","13 Oct 2025, 17:43","","Reverse grip triceps Extension",,"",1,"normal",20,14,,,
"Mandag - Trekk + Triceps + Leg","13 Oct 2025, 16:09","13 Oct 2025, 17:43","","Reverse grip triceps Extension",,"",2,"normal",20,15,,,
"Mandag - Trekk + Triceps + Leg","13 Oct 2025, 16:09","13 Oct 2025, 17:43","","Leg Extension (Machine)",,"",0,"normal",120,15,,,
"Mandag - Trekk + Triceps + Leg","13 Oct 2025, 16:09","13 Oct 2025, 17:43","","Leg Extension (Machine)",,"",1,"normal",120,15,,,
"Mandag - Trekk + Triceps + Leg","13 Oct 2025, 16:09","13 Oct 2025, 17:43","","Leg Extension (Machine)",,"",2,"normal",120,15,,,
"Mandag - Trekk + Triceps + Leg","13 Oct 2025, 16:09","13 Oct 2025, 17:43","","Leg Extension (Machine)",,"",3,"normal",120,15,,,
"Fredag - Press + Biceps","10 Oct 2025, 15:35","10 Oct 2025, 16:49","","Bench Press (Dumbbell)",,"",0,"normal",60,12,,,
"Fredag - Press + Biceps","10 Oct 2025, 15:35","10 Oct 2025, 16:49","","Bench Press (Dumbbell)",,"",1,"normal",60,12,,,
"Fredag - Press + Biceps","10 Oct 2025, 15:35","10 Oct 2025, 16:49","","Bench Press (Dumbbell)",,"",2,"normal",60,12,,,
"Fredag - Press + Biceps","10 Oct 2025, 15:35","10 Oct 2025, 16:49","","Bench Press (Dumbbell)",,"",3,"normal",60,12,,,
"Fredag - Press + Biceps","10 Oct 2025, 15:35","10 Oct 2025, 16:49","","Lateral Raise (Dumbbell)",,"",0,"normal",15,15,,,
"Fredag - Press + Biceps","10 Oct 2025, 15:35","10 Oct 2025, 16:49","","Lateral Raise (Dumbbell)",,"",1,"normal",15,15,,,
"Fredag - Press + Biceps","10 Oct 2025, 15:35","10 Oct 2025, 16:49","","Lateral Raise (Dumbbell)",,"",2,"normal",15,15,,,
"Fredag - Press + Biceps","10 Oct 2025, 15:35","10 Oct 2025, 16:49","","Lateral Raise (Dumbbell)",,"",3,"normal",15,15,,,
"Fredag - Press + Biceps","10 Oct 2025, 15:35","10 Oct 2025, 16:49","","Behind the Back Curl (Cable)",,"",0,"normal",25,20,,,
"Fredag - Press + Biceps","10 Oct 2025, 15:35","10 Oct 2025, 16:49","","Behind the Back Curl (Cable)",,"",1,"normal",25,20,,,
"Fredag - Press + Biceps","10 Oct 2025, 15:35","10 Oct 2025, 16:49","","Behind the Back Curl (Cable)",,"",2,"normal",25,20,,,
"Fredag - Press + Biceps","10 Oct 2025, 15:35","10 Oct 2025, 16:49","","Seated Leg Curl (Machine)",,"",0,"normal",120,12,,,
"Fredag - Press + Biceps","10 Oct 2025, 15:35","10 Oct 2025, 16:49","","Seated Leg Curl (Machine)",,"",1,"normal",120,12,,,
"Fredag - Press + Biceps","10 Oct 2025, 15:35","10 Oct 2025, 16:49","","Seated Leg Curl (Machine)",,"",2,"normal",120,15,,,
"Fredag - Press + Biceps","10 Oct 2025, 15:35","10 Oct 2025, 16:49","","Seated Leg Curl (Machine)",,"",3,"normal",120,20,,,
"Onsdag - Base + Armer","8 Oct 2025, 16:16","8 Oct 2025, 17:29","","Deadlift (Barbell)",,"",0,"normal",120,5,,,
"Onsdag - Base + Armer","8 Oct 2025, 16:16","8 Oct 2025, 17:29","","Deadlift (Barbell)",,"",1,"normal",120,5,,,
"Onsdag - Base + Armer","8 Oct 2025, 16:16","8 Oct 2025, 17:29","","Deadlift (Barbell)",,"",2,"normal",120,5,,,
"Onsdag - Base + Armer","8 Oct 2025, 16:16","8 Oct 2025, 17:29","","Arnold Press (Dumbbell)",,"",0,"normal",48,11,,,
"Onsdag - Base + Armer","8 Oct 2025, 16:16","8 Oct 2025, 17:29","","Arnold Press (Dumbbell)",,"",1,"normal",48,11,,,
"Onsdag - Base + Armer","8 Oct 2025, 16:16","8 Oct 2025, 17:29","","Arnold Press (Dumbbell)",,"",2,"normal",48,11,,,
"Onsdag - Base + Armer","8 Oct 2025, 16:16","8 Oct 2025, 17:29","","Chin Up",,"50 hjelp",0,"normal",,10,,,
"Onsdag - Base + Armer","8 Oct 2025, 16:16","8 Oct 2025, 17:29","","Chin Up",,"50 hjelp",1,"normal",,8,,,
"Onsdag - Base + Armer","8 Oct 2025, 16:16","8 Oct 2025, 17:29","","Chin Up",,"50 hjelp",2,"normal",,8,,,
"Onsdag - Base + Armer","8 Oct 2025, 16:16","8 Oct 2025, 17:29","","Preacher Curl (Dumbbell)",,"",0,"normal",16,10,,,
"Onsdag - Base + Armer","8 Oct 2025, 16:16","8 Oct 2025, 17:29","","Preacher Curl (Dumbbell)",,"",1,"normal",16,10,,,
"Onsdag - Base + Armer","8 Oct 2025, 16:16","8 Oct 2025, 17:29","","Preacher Curl (Dumbbell)",,"",2,"normal",16,10,,,
"Onsdag - Base + Armer","8 Oct 2025, 16:16","8 Oct 2025, 17:29","","Cross Body Hammer Curl",,"",0,"normal",24,14,,,
"Onsdag - Base + Armer","8 Oct 2025, 16:16","8 Oct 2025, 17:29","","Cross Body Hammer Curl",,"",1,"normal",28,10,,,
"Onsdag - Base + Armer","8 Oct 2025, 16:16","8 Oct 2025, 17:29","","Cross Body Hammer Curl",,"",2,"normal",28,11,,,
"Fredag - Press + Biceps","3 Oct 2025, 15:15","3 Oct 2025, 16:37","","Seated Leg Curl (Machine)",,"",0,"normal",120,12,,,
"Fredag - Press + Biceps","3 Oct 2025, 15:15","3 Oct 2025, 16:37","","Seated Leg Curl (Machine)",,"",1,"normal",112.5,15,,,
"Fredag - Press + Biceps","3 Oct 2025, 15:15","3 Oct 2025, 16:37","","Seated Leg Curl (Machine)",,"",2,"normal",112.5,15,,,
"Fredag - Press + Biceps","3 Oct 2025, 15:15","3 Oct 2025, 16:37","","Seated Leg Curl (Machine)",,"",3,"normal",112.5,15,,,
"Fredag - Press + Biceps","3 Oct 2025, 15:15","3 Oct 2025, 16:37","","Bench Press (Barbell)",,"",0,"normal",80,15,,,
"Fredag - Press + Biceps","3 Oct 2025, 15:15","3 Oct 2025, 16:37","","Bench Press (Barbell)",,"",1,"normal",80,15,,,
"Fredag - Press + Biceps","3 Oct 2025, 15:15","3 Oct 2025, 16:37","","Bench Press (Barbell)",,"",2,"normal",80,12,,,
"Fredag - Press + Biceps","3 Oct 2025, 15:15","3 Oct 2025, 16:37","","Bench Press (Barbell)",,"",3,"normal",80,12,,,
"Fredag - Press + Biceps","3 Oct 2025, 15:15","3 Oct 2025, 16:37","","Lateral Raise (Dumbbell)",,"",0,"normal",15,15,,,
"Fredag - Press + Biceps","3 Oct 2025, 15:15","3 Oct 2025, 16:37","","Lateral Raise (Dumbbell)",,"",1,"normal",15,15,,,
"Fredag - Press + Biceps","3 Oct 2025, 15:15","3 Oct 2025, 16:37","","Lateral Raise (Dumbbell)",,"",2,"normal",15,13,,,
"Fredag - Press + Biceps","3 Oct 2025, 15:15","3 Oct 2025, 16:37","","Lateral Raise (Dumbbell)",,"",3,"normal",15,11,,,
"Fredag - Press + Biceps","3 Oct 2025, 15:15","3 Oct 2025, 16:37","","Behind the Back Curl (Cable)",,"",0,"normal",25,18,,,
"Fredag - Press + Biceps","3 Oct 2025, 15:15","3 Oct 2025, 16:37","","Behind the Back Curl (Cable)",,"",1,"normal",25,19,,,
"Fredag - Press + Biceps","3 Oct 2025, 15:15","3 Oct 2025, 16:37","","Behind the Back Curl (Cable)",,"",2,"normal",25,18,,,
"Onsdag - Base + Armer","1 Oct 2025, 16:14","1 Oct 2025, 17:35","","Deadlift (Barbell)",,"",0,"normal",100,6,,,
"Onsdag - Base + Armer","1 Oct 2025, 16:14","1 Oct 2025, 17:35","","Deadlift (Barbell)",,"",1,"normal",100,6,,,
"Onsdag - Base + Armer","1 Oct 2025, 16:14","1 Oct 2025, 17:35","","Deadlift (Barbell)",,"",2,"normal",100,6,,,
"Onsdag - Base + Armer","1 Oct 2025, 16:14","1 Oct 2025, 17:35","","Arnold Press (Dumbbell)",,"",0,"normal",48,10,,,
"Onsdag - Base + Armer","1 Oct 2025, 16:14","1 Oct 2025, 17:35","","Arnold Press (Dumbbell)",,"",1,"normal",48,11,,,
"Onsdag - Base + Armer","1 Oct 2025, 16:14","1 Oct 2025, 17:35","","Arnold Press (Dumbbell)",,"",2,"normal",48,11,,,
"Onsdag - Base + Armer","1 Oct 2025, 16:14","1 Oct 2025, 17:35","","Chin Up",,"60 i hjelp",0,"normal",,10,,,
"Onsdag - Base + Armer","1 Oct 2025, 16:14","1 Oct 2025, 17:35","","Chin Up",,"60 i hjelp",1,"normal",,10,,,
"Onsdag - Base + Armer","1 Oct 2025, 16:14","1 Oct 2025, 17:35","","Chin Up",,"60 i hjelp",2,"normal",,10,,,
"Onsdag - Base + Armer","1 Oct 2025, 16:14","1 Oct 2025, 17:35","","Preacher Curl (Dumbbell)",,"",0,"normal",14,12,,,
"Onsdag - Base + Armer","1 Oct 2025, 16:14","1 Oct 2025, 17:35","","Preacher Curl (Dumbbell)",,"",1,"normal",14,12,,,
"Onsdag - Base + Armer","1 Oct 2025, 16:14","1 Oct 2025, 17:35","","Preacher Curl (Dumbbell)",,"",2,"normal",14,12,,,
"Onsdag - Base + Armer","1 Oct 2025, 16:14","1 Oct 2025, 17:35","","Cross Body Hammer Curl",,"",0,"normal",10,15,,,
"Onsdag - Base + Armer","1 Oct 2025, 16:14","1 Oct 2025, 17:35","","Cross Body Hammer Curl",,"",1,"normal",12,15,,,
"Onsdag - Base + Armer","1 Oct 2025, 16:14","1 Oct 2025, 17:35","","Cross Body Hammer Curl",,"",2,"normal",16,10,,,
"Mandag - Trekk + Triceps + Leg","29 Sep 2025, 16:16","29 Sep 2025, 17:39","","Leg Extension (Machine)",,"",0,"normal",112.5,15,,,
"Mandag - Trekk + Triceps + Leg","29 Sep 2025, 16:16","29 Sep 2025, 17:39","","Leg Extension (Machine)",,"",1,"normal",112.5,15,,,
"Mandag - Trekk + Triceps + Leg","29 Sep 2025, 16:16","29 Sep 2025, 17:39","","Leg Extension (Machine)",,"",2,"normal",120,15,,,
"Mandag - Trekk + Triceps + Leg","29 Sep 2025, 16:16","29 Sep 2025, 17:39","","Leg Extension (Machine)",,"",3,"normal",120,11,,,
"Mandag - Trekk + Triceps + Leg","29 Sep 2025, 16:16","29 Sep 2025, 17:39","","Single Arm Cable Row",,"",0,"normal",65,12,,,
"Mandag - Trekk + Triceps + Leg","29 Sep 2025, 16:16","29 Sep 2025, 17:39","","Single Arm Cable Row",,"",1,"normal",65,13,,,
"Mandag - Trekk + Triceps + Leg","29 Sep 2025, 16:16","29 Sep 2025, 17:39","","Single Arm Cable Row",,"",2,"normal",75,10,,,
"Mandag - Trekk + Triceps + Leg","29 Sep 2025, 16:16","29 Sep 2025, 17:39","","Incline Bench Press (Dumbbell)",,"",0,"normal",60,10,,,
"Mandag - Trekk + Triceps + Leg","29 Sep 2025, 16:16","29 Sep 2025, 17:39","","Incline Bench Press (Dumbbell)",,"",1,"normal",60,9,,,
"Mandag - Trekk + Triceps + Leg","29 Sep 2025, 16:16","29 Sep 2025, 17:39","","Incline Bench Press (Dumbbell)",,"",2,"normal",60,9,,,
"Mandag - Trekk + Triceps + Leg","29 Sep 2025, 16:16","29 Sep 2025, 17:39","","Incline Bench Press (Dumbbell)",,"",3,"normal",60,8,,,
"Mandag - Trekk + Triceps + Leg","29 Sep 2025, 16:16","29 Sep 2025, 17:39","","Skullcrusher (Dumbbell)",,"",0,"normal",28,12,,,
"Mandag - Trekk + Triceps + Leg","29 Sep 2025, 16:16","29 Sep 2025, 17:39","","Skullcrusher (Dumbbell)",,"",1,"normal",32,8,,,
"Mandag - Trekk + Triceps + Leg","29 Sep 2025, 16:16","29 Sep 2025, 17:39","","Skullcrusher (Dumbbell)",,"",2,"normal",28,12,,,
"Mandag - Trekk + Triceps + Leg","29 Sep 2025, 16:16","29 Sep 2025, 17:39","","Skullcrusher (Dumbbell)",,"",3,"normal",28,10,,,
"Mandag - Trekk + Triceps + Leg","29 Sep 2025, 16:16","29 Sep 2025, 17:39","","Reverse grip triceps Extension",,"",0,"normal",15,15,,,
"Mandag - Trekk + Triceps + Leg","29 Sep 2025, 16:16","29 Sep 2025, 17:39","","Reverse grip triceps Extension",,"",1,"normal",20,15,,,
"Mandag - Trekk + Triceps + Leg","29 Sep 2025, 16:16","29 Sep 2025, 17:39","","Reverse grip triceps Extension",,"",2,"normal",20,14,,,
"Fredag - Press + Biceps","26 Sep 2025, 15:21","26 Sep 2025, 16:27","","Seated Leg Curl (Machine)",,"",0,"normal",105,17,,,
"Fredag - Press + Biceps","26 Sep 2025, 15:21","26 Sep 2025, 16:27","","Seated Leg Curl (Machine)",,"",1,"normal",112.5,15,,,
"Fredag - Press + Biceps","26 Sep 2025, 15:21","26 Sep 2025, 16:27","","Seated Leg Curl (Machine)",,"",2,"normal",112.5,16,,,
"Fredag - Press + Biceps","26 Sep 2025, 15:21","26 Sep 2025, 16:27","","Seated Leg Curl (Machine)",,"",3,"normal",112.5,15,,,
"Fredag - Press + Biceps","26 Sep 2025, 15:21","26 Sep 2025, 16:27","","Bench Press (Barbell)",,"",0,"normal",95,6,,,
"Fredag - Press + Biceps","26 Sep 2025, 15:21","26 Sep 2025, 16:27","","Bench Press (Barbell)",,"",1,"normal",95,6,,,
"Fredag - Press + Biceps","26 Sep 2025, 15:21","26 Sep 2025, 16:27","","Bench Press (Barbell)",,"",2,"normal",95,6,,,
"Fredag - Press + Biceps","26 Sep 2025, 15:21","26 Sep 2025, 16:27","","Lateral Raise (Dumbbell)",,"",0,"normal",16,15,,,
"Fredag - Press + Biceps","26 Sep 2025, 15:21","26 Sep 2025, 16:27","","Lateral Raise (Dumbbell)",,"",1,"normal",16,15,,,
"Fredag - Press + Biceps","26 Sep 2025, 15:21","26 Sep 2025, 16:27","","Lateral Raise (Dumbbell)",,"",2,"normal",16,14,,,
"Fredag - Press + Biceps","26 Sep 2025, 15:21","26 Sep 2025, 16:27","","Lateral Raise (Dumbbell)",,"",3,"normal",16,12,,,
"Fredag - Press + Biceps","26 Sep 2025, 15:21","26 Sep 2025, 16:27","","Behind the Back Curl (Cable)",,"",0,"normal",25,15,,,
"Fredag - Press + Biceps","26 Sep 2025, 15:21","26 Sep 2025, 16:27","","Behind the Back Curl (Cable)",,"",1,"normal",25,15,,,
"Fredag - Press + Biceps","26 Sep 2025, 15:21","26 Sep 2025, 16:27","","Behind the Back Curl (Cable)",,"",2,"normal",20,15,,,
"Fredag - Press + Biceps","26 Sep 2025, 15:21","26 Sep 2025, 16:27","","Behind the Back Curl (Cable)",,"",3,"normal",20,15,,,
"Fredag - Press + Biceps","19 Sep 2025, 15:14","19 Sep 2025, 17:05","","Seated Leg Curl (Machine)",,"",0,"normal",75,20,,,
"Fredag - Press + Biceps","19 Sep 2025, 15:14","19 Sep 2025, 17:05","","Seated Leg Curl (Machine)",,"",1,"normal",90,15,,,
"Fredag - Press + Biceps","19 Sep 2025, 15:14","19 Sep 2025, 17:05","","Seated Leg Curl (Machine)",,"",2,"normal",97.5,15,,,
"Fredag - Press + Biceps","19 Sep 2025, 15:14","19 Sep 2025, 17:05","","Seated Leg Curl (Machine)",,"",3,"normal",105,15,,,
"Fredag - Press + Biceps","19 Sep 2025, 15:14","19 Sep 2025, 17:05","","Bench Press (Barbell)",,"",0,"normal",90,8,,,
"Fredag - Press + Biceps","19 Sep 2025, 15:14","19 Sep 2025, 17:05","","Bench Press (Barbell)",,"",1,"normal",90,8,,,
"Fredag - Press + Biceps","19 Sep 2025, 15:14","19 Sep 2025, 17:05","","Bench Press (Barbell)",,"",2,"normal",90,8,,,
"Fredag - Press + Biceps","19 Sep 2025, 15:14","19 Sep 2025, 17:05","","Bench Press (Barbell)",,"",3,"normal",90,8,,,
"Fredag - Press + Biceps","19 Sep 2025, 15:14","19 Sep 2025, 17:05","","Lateral Raise (Dumbbell)",,"",0,"normal",16,15,,,
"Fredag - Press + Biceps","19 Sep 2025, 15:14","19 Sep 2025, 17:05","","Lateral Raise (Dumbbell)",,"",1,"normal",16,15,,,
"Fredag - Press + Biceps","19 Sep 2025, 15:14","19 Sep 2025, 17:05","","Lateral Raise (Dumbbell)",,"",2,"normal",16,12,,,
"Fredag - Press + Biceps","19 Sep 2025, 15:14","19 Sep 2025, 17:05","","Lateral Raise (Dumbbell)",,"",3,"normal",16,15,,,
"Fredag - Press + Biceps","19 Sep 2025, 15:14","19 Sep 2025, 17:05","","Behind the Back Curl (Cable)",,"",0,"normal",25,20,,,
"Fredag - Press + Biceps","19 Sep 2025, 15:14","19 Sep 2025, 17:05","","Behind the Back Curl (Cable)",,"",1,"normal",25,17,,,
"Fredag - Press + Biceps","19 Sep 2025, 15:14","19 Sep 2025, 17:05","","Behind the Back Curl (Cable)",,"",2,"normal",20,20,,,
"Fredag - Press + Biceps","19 Sep 2025, 15:14","19 Sep 2025, 17:05","","Behind the Back Curl (Cable)",,"",3,"normal",20,20,,,
"Onsdag - Base + Armer","17 Sep 2025, 16:19","17 Sep 2025, 17:18","","Deadlift (Barbell)",,"",0,"normal",90,6,,,
"Onsdag - Base + Armer","17 Sep 2025, 16:19","17 Sep 2025, 17:18","","Deadlift (Barbell)",,"",1,"normal",90,6,,,
"Onsdag - Base + Armer","17 Sep 2025, 16:19","17 Sep 2025, 17:18","","Deadlift (Barbell)",,"",2,"normal",100,6,,,
"Onsdag - Base + Armer","17 Sep 2025, 16:19","17 Sep 2025, 17:18","","Arnold Press (Dumbbell)",,"",0,"normal",24,10,,,
"Onsdag - Base + Armer","17 Sep 2025, 16:19","17 Sep 2025, 17:18","","Arnold Press (Dumbbell)",,"",1,"normal",24,10,,,
"Onsdag - Base + Armer","17 Sep 2025, 16:19","17 Sep 2025, 17:18","","Arnold Press (Dumbbell)",,"",2,"normal",24,10,,,
"Onsdag - Base + Armer","17 Sep 2025, 16:19","17 Sep 2025, 17:18","","Chin Up",,"",0,"normal",,12,,,
"Onsdag - Base + Armer","17 Sep 2025, 16:19","17 Sep 2025, 17:18","","Chin Up",,"",1,"normal",,10,,,
"Onsdag - Base + Armer","17 Sep 2025, 16:19","17 Sep 2025, 17:18","","Chin Up",,"",2,"normal",,10,,,
"Onsdag - Base + Armer","17 Sep 2025, 16:19","17 Sep 2025, 17:18","","Chin Up",,"",3,"normal",,10,,,
"Onsdag - Base + Armer","17 Sep 2025, 16:19","17 Sep 2025, 17:18","","Single Arm Curl (Cable)",,"",0,"normal",25,12,,,
"Onsdag - Base + Armer","17 Sep 2025, 16:19","17 Sep 2025, 17:18","","Single Arm Curl (Cable)",,"",1,"normal",30,10,,,
"Onsdag - Base + Armer","17 Sep 2025, 16:19","17 Sep 2025, 17:18","","Single Arm Curl (Cable)",,"",2,"normal",30,11,,,
"Onsdag - Base + Armer","17 Sep 2025, 16:19","17 Sep 2025, 17:18","","Triceps Extension (Cable)",,"",0,"normal",20,12,,,
"Onsdag - Base + Armer","17 Sep 2025, 16:19","17 Sep 2025, 17:18","","Triceps Extension (Cable)",,"",1,"normal",25,12,,,
"Onsdag - Base + Armer","17 Sep 2025, 16:19","17 Sep 2025, 17:18","","Triceps Extension (Cable)",,"",2,"normal",20,15,,,
"Mandag - Trekk + Triceps + Leg","15 Sep 2025, 16:15","15 Sep 2025, 18:01","","Leg Extension (Machine)",,"",0,"normal",105,15,,,
"Mandag - Trekk + Triceps + Leg","15 Sep 2025, 16:15","15 Sep 2025, 18:01","","Leg Extension (Machine)",,"",1,"normal",112.5,15,,,
"Mandag - Trekk + Triceps + Leg","15 Sep 2025, 16:15","15 Sep 2025, 18:01","","Leg Extension (Machine)",,"",2,"normal",112.5,14,,,
"Mandag - Trekk + Triceps + Leg","15 Sep 2025, 16:15","15 Sep 2025, 18:01","","Leg Extension (Machine)",,"",3,"normal",112.5,15,,,
"Mandag - Trekk + Triceps + Leg","15 Sep 2025, 16:15","15 Sep 2025, 18:01","","Leg Extension (Machine)",,"",4,"normal",112.5,15,,,
"Mandag - Trekk + Triceps + Leg","15 Sep 2025, 16:15","15 Sep 2025, 18:01","","Single Arm Cable Row",,"",0,"normal",65,15,,,
"Mandag - Trekk + Triceps + Leg","15 Sep 2025, 16:15","15 Sep 2025, 18:01","","Single Arm Cable Row",,"",1,"normal",65,15,,,
"Mandag - Trekk + Triceps + Leg","15 Sep 2025, 16:15","15 Sep 2025, 18:01","","Single Arm Cable Row",,"",2,"normal",65,15,,,
"Mandag - Trekk + Triceps + Leg","15 Sep 2025, 16:15","15 Sep 2025, 18:01","","Single Arm Cable Row",,"",3,"normal",60,15,,,
"Mandag - Trekk + Triceps + Leg","15 Sep 2025, 16:15","15 Sep 2025, 18:01","","Incline Bench Press (Dumbbell)",,"",0,"normal",60,9,,,
"Mandag - Trekk + Triceps + Leg","15 Sep 2025, 16:15","15 Sep 2025, 18:01","","Incline Bench Press (Dumbbell)",,"",1,"normal",60,9,,,
"Mandag - Trekk + Triceps + Leg","15 Sep 2025, 16:15","15 Sep 2025, 18:01","","Incline Bench Press (Dumbbell)",,"",2,"normal",60,9,,,
"Mandag - Trekk + Triceps + Leg","15 Sep 2025, 16:15","15 Sep 2025, 18:01","","Incline Bench Press (Dumbbell)",,"",3,"normal",60,9,,,
"Mandag - Trekk + Triceps + Leg","15 Sep 2025, 16:15","15 Sep 2025, 18:01","","Skullcrusher (Dumbbell)",,"",0,"normal",28,12,,,
"Mandag - Trekk + Triceps + Leg","15 Sep 2025, 16:15","15 Sep 2025, 18:01","","Skullcrusher (Dumbbell)",,"",1,"normal",28,12,,,
"Mandag - Trekk + Triceps + Leg","15 Sep 2025, 16:15","15 Sep 2025, 18:01","","Skullcrusher (Dumbbell)",,"",2,"normal",28,12,,,
"Mandag - Trekk + Triceps + Leg","15 Sep 2025, 16:15","15 Sep 2025, 18:01","","Skullcrusher (Dumbbell)",,"",3,"normal",24,16,,,
"Mandag - Trekk + Triceps + Leg","15 Sep 2025, 16:15","15 Sep 2025, 18:01","","Reverse grip triceps Extension",,"",0,"normal",20,15,,,
"Mandag - Trekk + Triceps + Leg","15 Sep 2025, 16:15","15 Sep 2025, 18:01","","Reverse grip triceps Extension",,"",1,"normal",20,15,,,
"Mandag - Trekk + Triceps + Leg","15 Sep 2025, 16:15","15 Sep 2025, 18:01","","Reverse grip triceps Extension",,"",2,"normal",20,13,,,
"Onsdag - Trekk + Triceps","12 Sep 2025, 15:29","12 Sep 2025, 16:38","","Single Arm Cable Row",,"",0,"normal",60,20,,,
"Onsdag - Trekk + Triceps","12 Sep 2025, 15:29","12 Sep 2025, 16:38","","Single Arm Cable Row",,"",1,"normal",60,20,,,
"Onsdag - Trekk + Triceps","12 Sep 2025, 15:29","12 Sep 2025, 16:38","","Single Arm Cable Row",,"",2,"normal",60,20,,,
"Onsdag - Trekk + Triceps","12 Sep 2025, 15:29","12 Sep 2025, 16:38","","Single Arm Cable Row",,"",3,"normal",60,20,,,
"Onsdag - Trekk + Triceps","12 Sep 2025, 15:29","12 Sep 2025, 16:38","","Incline Bench Press (Dumbbell)",,"",0,"normal",60,8,,,
"Onsdag - Trekk + Triceps","12 Sep 2025, 15:29","12 Sep 2025, 16:38","","Incline Bench Press (Dumbbell)",,"",1,"normal",60,8,,,
"Onsdag - Trekk + Triceps","12 Sep 2025, 15:29","12 Sep 2025, 16:38","","Incline Bench Press (Dumbbell)",,"",2,"normal",60,8,,,
"Onsdag - Trekk + Triceps","12 Sep 2025, 15:29","12 Sep 2025, 16:38","","Incline Bench Press (Dumbbell)",,"",3,"normal",60,9,,,
"Onsdag - Trekk + Triceps","12 Sep 2025, 15:29","12 Sep 2025, 16:38","","Skullcrusher (Dumbbell)",,"",0,"normal",24,12,,,
"Onsdag - Trekk + Triceps","12 Sep 2025, 15:29","12 Sep 2025, 16:38","","Skullcrusher (Dumbbell)",,"",1,"normal",28,12,,,
"Onsdag - Trekk + Triceps","12 Sep 2025, 15:29","12 Sep 2025, 16:38","","Skullcrusher (Dumbbell)",,"",2,"normal",28,12,,,
"Onsdag - Trekk + Triceps","12 Sep 2025, 15:29","12 Sep 2025, 16:38","","Skullcrusher (Dumbbell)",,"",3,"normal",28,12,,,
"Onsdag - Trekk + Triceps","12 Sep 2025, 15:29","12 Sep 2025, 16:38","","Single Arm Triceps Pushdown (Cable)",,"",0,"normal",25,15,,,
"Onsdag - Trekk + Triceps","12 Sep 2025, 15:29","12 Sep 2025, 16:38","","Single Arm Triceps Pushdown (Cable)",,"",1,"normal",25,13,,,
"Onsdag - Trekk + Triceps","12 Sep 2025, 15:29","12 Sep 2025, 16:38","","Single Arm Triceps Pushdown (Cable)",,"",2,"normal",25,14,,,
"Fredag - Base + Armer","10 Sep 2025, 16:21","10 Sep 2025, 18:01","","Belt Squats",,"",0,"normal",100,8,,,
"Fredag - Base + Armer","10 Sep 2025, 16:21","10 Sep 2025, 18:01","","Belt Squats",,"",1,"normal",100,8,,,
"Fredag - Base + Armer","10 Sep 2025, 16:21","10 Sep 2025, 18:01","","Belt Squats",,"",2,"normal",100,8,,,
"Fredag - Base + Armer","10 Sep 2025, 16:21","10 Sep 2025, 18:01","","Belt Squats",,"",3,"normal",100,8,,,
"Fredag - Base + Armer","10 Sep 2025, 16:21","10 Sep 2025, 18:01","","Deadlift (Barbell)",,"",0,"normal",80,6,,,
"Fredag - Base + Armer","10 Sep 2025, 16:21","10 Sep 2025, 18:01","","Deadlift (Barbell)",,"",1,"normal",90,6,,,
"Fredag - Base + Armer","10 Sep 2025, 16:21","10 Sep 2025, 18:01","","Deadlift (Barbell)",,"",2,"normal",90,6,,,
"Fredag - Base + Armer","10 Sep 2025, 16:21","10 Sep 2025, 18:01","","Bench Press - Close Grip (Barbell)",,"",0,"normal",70,10,,,
"Fredag - Base + Armer","10 Sep 2025, 16:21","10 Sep 2025, 18:01","","Bench Press - Close Grip (Barbell)",,"",1,"normal",70,10,,,
"Fredag - Base + Armer","10 Sep 2025, 16:21","10 Sep 2025, 18:01","","Bench Press - Close Grip (Barbell)",,"",2,"normal",70,10,,,
"Fredag - Base + Armer","10 Sep 2025, 16:21","10 Sep 2025, 18:01","","Bench Press - Close Grip (Barbell)",,"",3,"normal",70,10,,,
"Fredag - Base + Armer","10 Sep 2025, 16:21","10 Sep 2025, 18:01","","Chin Up",,"",0,"normal",,8,,,
"Fredag - Base + Armer","10 Sep 2025, 16:21","10 Sep 2025, 18:01","","Chin Up",,"",1,"normal",,10,,,
"Fredag - Base + Armer","10 Sep 2025, 16:21","10 Sep 2025, 18:01","","Chin Up",,"",2,"normal",,9,,,
"Fredag - Base + Armer","10 Sep 2025, 16:21","10 Sep 2025, 18:01","","Chin Up",,"",3,"normal",,9,,,
"Fredag - Base + Armer","10 Sep 2025, 16:21","10 Sep 2025, 18:01","","Single Arm Curl (Cable)",,"",0,"normal",25,12,,,
"Fredag - Base + Armer","10 Sep 2025, 16:21","10 Sep 2025, 18:01","","Single Arm Curl (Cable)",,"",1,"normal",25,12,,,
"Fredag - Base + Armer","10 Sep 2025, 16:21","10 Sep 2025, 18:01","","Single Arm Curl (Cable)",,"",2,"normal",25,12,,,
"Fredag - Base + Armer","10 Sep 2025, 16:21","10 Sep 2025, 18:01","","Triceps Extension (Cable)",,"",0,"normal",20,12,,,
"Fredag - Base + Armer","10 Sep 2025, 16:21","10 Sep 2025, 18:01","","Triceps Extension (Cable)",,"",1,"normal",20,12,,,
"Fredag - Base + Armer","10 Sep 2025, 16:21","10 Sep 2025, 18:01","","Triceps Extension (Cable)",,"",2,"normal",25,10,,,
"Onsdag - Trekk + Triceps","8 Sep 2025, 16:15","8 Sep 2025, 17:48","","Single Arm Cable Row",,"",0,"normal",70,8,,,
"Onsdag - Trekk + Triceps","8 Sep 2025, 16:15","8 Sep 2025, 17:48","","Single Arm Cable Row",,"",1,"normal",70,8,,,
"Onsdag - Trekk + Triceps","8 Sep 2025, 16:15","8 Sep 2025, 17:48","","Single Arm Cable Row",,"",2,"normal",70,8,,,
"Onsdag - Trekk + Triceps","8 Sep 2025, 16:15","8 Sep 2025, 17:48","","Single Arm Cable Row",,"",3,"normal",70,8,,,
"Onsdag - Trekk + Triceps","8 Sep 2025, 16:15","8 Sep 2025, 17:48","","Incline Bench Press (Dumbbell)",,"",0,"normal",52,10,,,
"Onsdag - Trekk + Triceps","8 Sep 2025, 16:15","8 Sep 2025, 17:48","","Incline Bench Press (Dumbbell)",,"",1,"normal",52,10,,,
"Onsdag - Trekk + Triceps","8 Sep 2025, 16:15","8 Sep 2025, 17:48","","Incline Bench Press (Dumbbell)",,"",2,"normal",52,10,,,
"Onsdag - Trekk + Triceps","8 Sep 2025, 16:15","8 Sep 2025, 17:48","","Incline Bench Press (Dumbbell)",,"",3,"normal",52,10,,,
"Onsdag - Trekk + Triceps","8 Sep 2025, 16:15","8 Sep 2025, 17:48","","Skullcrusher (Dumbbell)",,"",0,"normal",24,12,,,
"Onsdag - Trekk + Triceps","8 Sep 2025, 16:15","8 Sep 2025, 17:48","","Skullcrusher (Dumbbell)",,"",1,"normal",28,12,,,
"Onsdag - Trekk + Triceps","8 Sep 2025, 16:15","8 Sep 2025, 17:48","","Skullcrusher (Dumbbell)",,"",2,"normal",28,12,,,
"Onsdag - Trekk + Triceps","8 Sep 2025, 16:15","8 Sep 2025, 17:48","","Skullcrusher (Dumbbell)",,"",3,"normal",28,11,,,
"Onsdag - Trekk + Triceps","8 Sep 2025, 16:15","8 Sep 2025, 17:48","","Single Arm Triceps Pushdown (Cable)",,"",0,"normal",20,15,,,
"Onsdag - Trekk + Triceps","8 Sep 2025, 16:15","8 Sep 2025, 17:48","","Single Arm Triceps Pushdown (Cable)",,"",1,"normal",25,15,,,
"Onsdag - Trekk + Triceps","8 Sep 2025, 16:15","8 Sep 2025, 17:48","","Single Arm Triceps Pushdown (Cable)",,"",2,"normal",25,14,,,
"Onsdag - Trekk + Triceps","8 Sep 2025, 16:15","8 Sep 2025, 17:48","","Single Arm Triceps Pushdown (Cable)",,"",3,"normal",20,11,,,
"Onsdag - Trekk + Triceps","8 Sep 2025, 16:15","8 Sep 2025, 17:48","","Bulgarian Split Squat",,"",0,"normal",20,10,,,
"Onsdag - Trekk + Triceps","8 Sep 2025, 16:15","8 Sep 2025, 17:48","","Bulgarian Split Squat",,"",1,"normal",28,10,,,
"Onsdag - Trekk + Triceps","8 Sep 2025, 16:15","8 Sep 2025, 17:48","","Bulgarian Split Squat",,"",2,"normal",32,10,,,
"Onsdag - Trekk + Triceps","8 Sep 2025, 16:15","8 Sep 2025, 17:48","","Bicep Curl (Cable)",,"",0,"normal",40,25,,,
"Onsdag - Trekk + Triceps","8 Sep 2025, 16:15","8 Sep 2025, 17:48","","Bicep Curl (Cable)",,"",1,"normal",40,25,,,
"Onsdag - Trekk + Triceps","8 Sep 2025, 16:15","8 Sep 2025, 17:48","","Bicep Curl (Cable)",,"",2,"normal",40,25,,,
"Fredag - Base + Armer","5 Sep 2025, 15:21","5 Sep 2025, 17:02","","Belt Squats",,"",0,"normal",100,10,,,
"Fredag - Base + Armer","5 Sep 2025, 15:21","5 Sep 2025, 17:02","","Belt Squats",,"",1,"normal",100,8,,,
"Fredag - Base + Armer","5 Sep 2025, 15:21","5 Sep 2025, 17:02","","Belt Squats",,"",2,"normal",100,8,,,
"Fredag - Base + Armer","5 Sep 2025, 15:21","5 Sep 2025, 17:02","","Belt Squats",,"",3,"normal",100,8,,,
"Fredag - Base + Armer","5 Sep 2025, 15:21","5 Sep 2025, 17:02","","Deadlift (Barbell)",,"",0,"normal",80,6,,,
"Fredag - Base + Armer","5 Sep 2025, 15:21","5 Sep 2025, 17:02","","Deadlift (Barbell)",,"",1,"normal",80,6,,,
"Fredag - Base + Armer","5 Sep 2025, 15:21","5 Sep 2025, 17:02","","Deadlift (Barbell)",,"",2,"normal",80,6,,,
"Fredag - Base + Armer","5 Sep 2025, 15:21","5 Sep 2025, 17:02","","Bench Press - Close Grip (Barbell)",,"",0,"normal",65,10,,,
"Fredag - Base + Armer","5 Sep 2025, 15:21","5 Sep 2025, 17:02","","Bench Press - Close Grip (Barbell)",,"",1,"normal",65,10,,,
"Fredag - Base + Armer","5 Sep 2025, 15:21","5 Sep 2025, 17:02","","Bench Press - Close Grip (Barbell)",,"",2,"normal",65,10,,,
"Fredag - Base + Armer","5 Sep 2025, 15:21","5 Sep 2025, 17:02","","Bench Press - Close Grip (Barbell)",,"",3,"normal",65,10,,,
"Fredag - Base + Armer","5 Sep 2025, 15:21","5 Sep 2025, 17:02","","Chin Up",,"45kg pr side",0,"normal",,8,,,
"Fredag - Base + Armer","5 Sep 2025, 15:21","5 Sep 2025, 17:02","","Chin Up",,"45kg pr side",1,"normal",,8,,,
"Fredag - Base + Armer","5 Sep 2025, 15:21","5 Sep 2025, 17:02","","Chin Up",,"45kg pr side",2,"normal",,8,,,
"Fredag - Base + Armer","5 Sep 2025, 15:21","5 Sep 2025, 17:02","","Chin Up",,"45kg pr side",3,"normal",,8,,,
"Fredag - Base + Armer","5 Sep 2025, 15:21","5 Sep 2025, 17:02","","Single Arm Curl (Cable)",,"",0,"normal",20,12,,,
"Fredag - Base + Armer","5 Sep 2025, 15:21","5 Sep 2025, 17:02","","Single Arm Curl (Cable)",,"",1,"normal",25,12,,,
"Fredag - Base + Armer","5 Sep 2025, 15:21","5 Sep 2025, 17:02","","Single Arm Curl (Cable)",,"",2,"normal",25,12,,,
"Fredag - Base + Armer","5 Sep 2025, 15:21","5 Sep 2025, 17:02","","Triceps Extension (Cable)",,"",0,"normal",20,12,,,
"Fredag - Base + Armer","5 Sep 2025, 15:21","5 Sep 2025, 17:02","","Triceps Extension (Cable)",,"",1,"normal",25,10,,,
"Fredag - Base + Armer","5 Sep 2025, 15:21","5 Sep 2025, 17:02","","Triceps Extension (Cable)",,"",2,"normal",20,15,,,
"Fredag - Base + Armer","29 Aug 2025, 15:20","29 Aug 2025, 17:11","","Overhead Press (Dumbbell)",,"",0,"normal",48,8,,,
"Fredag - Base + Armer","29 Aug 2025, 15:20","29 Aug 2025, 17:11","","Overhead Press (Dumbbell)",,"",1,"normal",52,7,,,
"Fredag - Base + Armer","29 Aug 2025, 15:20","29 Aug 2025, 17:11","","Overhead Press (Dumbbell)",,"",2,"normal",52,6,,,
"Fredag - Base + Armer","29 Aug 2025, 15:20","29 Aug 2025, 17:11","","Overhead Press (Dumbbell)",,"",3,"normal",48,6,,,
"Fredag - Base + Armer","29 Aug 2025, 15:20","29 Aug 2025, 17:11","","Deadlift (Barbell)",,"",0,"normal",80,6,,,
"Fredag - Base + Armer","29 Aug 2025, 15:20","29 Aug 2025, 17:11","","Deadlift (Barbell)",,"",1,"normal",80,6,,,
"Fredag - Base + Armer","29 Aug 2025, 15:20","29 Aug 2025, 17:11","","Deadlift (Barbell)",,"",2,"normal",80,6,,,
"Fredag - Base + Armer","29 Aug 2025, 15:20","29 Aug 2025, 17:11","","Bench Press - Close Grip (Barbell)",,"",0,"normal",50,15,,,
"Fredag - Base + Armer","29 Aug 2025, 15:20","29 Aug 2025, 17:11","","Bench Press - Close Grip (Barbell)",,"",1,"normal",55,10,,,
"Fredag - Base + Armer","29 Aug 2025, 15:20","29 Aug 2025, 17:11","","Bench Press - Close Grip (Barbell)",,"",2,"normal",60,10,,,
"Fredag - Base + Armer","29 Aug 2025, 15:20","29 Aug 2025, 17:11","","Bench Press - Close Grip (Barbell)",,"",3,"normal",65,10,,,
"Fredag - Base + Armer","29 Aug 2025, 15:20","29 Aug 2025, 17:11","","Reverse Grip Lat Pulldown (Cable)",,"",0,"normal",70,10,,,
"Fredag - Base + Armer","29 Aug 2025, 15:20","29 Aug 2025, 17:11","","Reverse Grip Lat Pulldown (Cable)",,"",1,"normal",70,10,,,
"Fredag - Base + Armer","29 Aug 2025, 15:20","29 Aug 2025, 17:11","","Chin Up",,"",0,"normal",,10,,,
"Fredag - Base + Armer","29 Aug 2025, 15:20","29 Aug 2025, 17:11","","Chin Up",,"",1,"normal",,8,,,
"Fredag - Base + Armer","29 Aug 2025, 15:20","29 Aug 2025, 17:11","","Chin Up",,"",2,"normal",,10,,,
"Fredag - Base + Armer","29 Aug 2025, 15:20","29 Aug 2025, 17:11","","Single Arm Curl (Cable)",,"",0,"normal",20,15,,,
"Fredag - Base + Armer","29 Aug 2025, 15:20","29 Aug 2025, 17:11","","Single Arm Curl (Cable)",,"",1,"normal",20,12,,,
"Fredag - Base + Armer","29 Aug 2025, 15:20","29 Aug 2025, 17:11","","Single Arm Curl (Cable)",,"",2,"normal",20,12,,,
"Fredag - Base + Armer","29 Aug 2025, 15:20","29 Aug 2025, 17:11","","Triceps Extension (Cable)",,"",0,"normal",25,12,,,
"Fredag - Base + Armer","29 Aug 2025, 15:20","29 Aug 2025, 17:11","","Triceps Extension (Cable)",,"",1,"normal",20,12,,,
"Fredag - Base + Armer","29 Aug 2025, 15:20","29 Aug 2025, 17:11","","Triceps Extension (Cable)",,"",2,"normal",20,12,,,
"Onsdag - Trekk + Triceps","27 Aug 2025, 16:22","27 Aug 2025, 17:32","","Single Arm Cable Row",,"",0,"normal",70,8,,,
"Onsdag - Trekk + Triceps","27 Aug 2025, 16:22","27 Aug 2025, 17:32","","Single Arm Cable Row",,"",1,"normal",70,8,,,
"Onsdag - Trekk + Triceps","27 Aug 2025, 16:22","27 Aug 2025, 17:32","","Single Arm Cable Row",,"",2,"normal",70,8,,,
"Onsdag - Trekk + Triceps","27 Aug 2025, 16:22","27 Aug 2025, 17:32","","Single Arm Cable Row",,"",3,"normal",75,8,,,
"Onsdag - Trekk + Triceps","27 Aug 2025, 16:22","27 Aug 2025, 17:32","","Incline Bench Press (Dumbbell)",,"",0,"normal",52,10,,,
"Onsdag - Trekk + Triceps","27 Aug 2025, 16:22","27 Aug 2025, 17:32","","Incline Bench Press (Dumbbell)",,"",1,"normal",52,10,,,
"Onsdag - Trekk + Triceps","27 Aug 2025, 16:22","27 Aug 2025, 17:32","","Incline Bench Press (Dumbbell)",,"",2,"normal",52,10,,,
"Onsdag - Trekk + Triceps","27 Aug 2025, 16:22","27 Aug 2025, 17:32","","Incline Bench Press (Dumbbell)",,"",3,"normal",60,9,,,
"Onsdag - Trekk + Triceps","27 Aug 2025, 16:22","27 Aug 2025, 17:32","","Skullcrusher (Dumbbell)",,"",0,"normal",24,12,,,
"Onsdag - Trekk + Triceps","27 Aug 2025, 16:22","27 Aug 2025, 17:32","","Skullcrusher (Dumbbell)",,"",1,"normal",28,12,,,
"Onsdag - Trekk + Triceps","27 Aug 2025, 16:22","27 Aug 2025, 17:32","","Skullcrusher (Dumbbell)",,"",2,"normal",28,10,,,
"Onsdag - Trekk + Triceps","27 Aug 2025, 16:22","27 Aug 2025, 17:32","","Skullcrusher (Dumbbell)",,"",3,"normal",24,11,,,
"Onsdag - Trekk + Triceps","27 Aug 2025, 16:22","27 Aug 2025, 17:32","","Single Arm Triceps Pushdown (Cable)",,"",0,"normal",20,12,,,
"Onsdag - Trekk + Triceps","27 Aug 2025, 16:22","27 Aug 2025, 17:32","","Single Arm Triceps Pushdown (Cable)",,"",1,"normal",20,14,,,
"Onsdag - Trekk + Triceps","27 Aug 2025, 16:22","27 Aug 2025, 17:32","","Single Arm Triceps Pushdown (Cable)",,"",2,"normal",20,14,,,
"Onsdag - Trekk + Triceps","27 Aug 2025, 16:22","27 Aug 2025, 17:32","","Rear Delt Reverse Fly (Cable)",,"",0,"normal",7,15,,,
"Onsdag - Trekk + Triceps","27 Aug 2025, 16:22","27 Aug 2025, 17:32","","Rear Delt Reverse Fly (Cable)",,"",1,"normal",7,15,,,
"Onsdag - Trekk + Triceps","27 Aug 2025, 16:22","27 Aug 2025, 17:32","","Rear Delt Reverse Fly (Cable)",,"",2,"normal",7,15,,,
"Onsdag - Trekk + Triceps","27 Aug 2025, 16:22","27 Aug 2025, 17:32","","Rear Delt Reverse Fly (Cable)",,"",3,"normal",7,15,,,
"Wednesday – Pull (Back, Biceps, Rear Delts)","20 Aug 2025, 16:13","20 Aug 2025, 17:50","","Lat Pulldown (Cable)",,"",0,"normal",90,6,,,
"Wednesday – Pull (Back, Biceps, Rear Delts)","20 Aug 2025, 16:13","20 Aug 2025, 17:50","","Lat Pulldown (Cable)",,"",1,"normal",90,6,,,
"Wednesday – Pull (Back, Biceps, Rear Delts)","20 Aug 2025, 16:13","20 Aug 2025, 17:50","","Lat Pulldown (Cable)",,"",2,"normal",90,6,,,
"Wednesday – Pull (Back, Biceps, Rear Delts)","20 Aug 2025, 16:13","20 Aug 2025, 17:50","","Lat Pulldown (Cable)",,"",3,"normal",80,8,,,
"Wednesday – Pull (Back, Biceps, Rear Delts)","20 Aug 2025, 16:13","20 Aug 2025, 17:50","","Deadlift (Barbell)",,"",0,"normal",80,8,,,
"Wednesday – Pull (Back, Biceps, Rear Delts)","20 Aug 2025, 16:13","20 Aug 2025, 17:50","","Deadlift (Barbell)",,"",1,"normal",80,8,,,
"Wednesday – Pull (Back, Biceps, Rear Delts)","20 Aug 2025, 16:13","20 Aug 2025, 17:50","","Single Arm Cable Row",,"",0,"normal",65,10,,,
"Wednesday – Pull (Back, Biceps, Rear Delts)","20 Aug 2025, 16:13","20 Aug 2025, 17:50","","Single Arm Cable Row",,"",1,"normal",65,10,,,
"Wednesday – Pull (Back, Biceps, Rear Delts)","20 Aug 2025, 16:13","20 Aug 2025, 17:50","","Single Arm Cable Row",,"",2,"normal",65,10,,,
"Wednesday – Pull (Back, Biceps, Rear Delts)","20 Aug 2025, 16:13","20 Aug 2025, 17:50","","Rear Delt Reverse Fly (Cable)",,"",0,"normal",7,15,,,
"Wednesday – Pull (Back, Biceps, Rear Delts)","20 Aug 2025, 16:13","20 Aug 2025, 17:50","","Rear Delt Reverse Fly (Cable)",,"",1,"normal",7,15,,,
"Wednesday – Pull (Back, Biceps, Rear Delts)","20 Aug 2025, 16:13","20 Aug 2025, 17:50","","Rear Delt Reverse Fly (Cable)",,"",2,"normal",7,15,,,
"Wednesday – Pull (Back, Biceps, Rear Delts)","20 Aug 2025, 16:13","20 Aug 2025, 17:50","","Seated Incline Curl (Dumbbell)",,"",0,"normal",28,12,,,
"Wednesday – Pull (Back, Biceps, Rear Delts)","20 Aug 2025, 16:13","20 Aug 2025, 17:50","","Seated Incline Curl (Dumbbell)",,"",1,"normal",28,12,,,
"Wednesday – Pull (Back, Biceps, Rear Delts)","20 Aug 2025, 16:13","20 Aug 2025, 17:50","","Seated Incline Curl (Dumbbell)",,"",2,"normal",28,12,,,
"Wednesday – Pull (Back, Biceps, Rear Delts)","20 Aug 2025, 16:13","20 Aug 2025, 17:50","","Hammer Curl (Dumbbell)",,"",0,"normal",28,10,,,
"Wednesday – Pull (Back, Biceps, Rear Delts)","20 Aug 2025, 16:13","20 Aug 2025, 17:50","","Hammer Curl (Dumbbell)",,"",1,"normal",28,11,,,
"Wednesday – Pull (Back, Biceps, Rear Delts)","20 Aug 2025, 16:13","20 Aug 2025, 17:50","","Hammer Curl (Dumbbell)",,"",2,"normal",28,10,,,
"Wednesday – Pull (Back, Biceps, Rear Delts)","20 Aug 2025, 16:13","20 Aug 2025, 17:50","","Rear Delt Row (elbows flared high row with dumbbells)",,"",0,"normal",16,12,,,
"Wednesday – Pull (Back, Biceps, Rear Delts)","20 Aug 2025, 16:13","20 Aug 2025, 17:50","","Rear Delt Row (elbows flared high row with dumbbells)",,"",1,"normal",20,15,,,
"Wednesday – Pull (Back, Biceps, Rear Delts)","20 Aug 2025, 16:13","20 Aug 2025, 17:50","","Rear Delt Row (elbows flared high row with dumbbells)",,"",2,"normal",20,15,,,
"Monday – Push (Chest, Shoulders, Triceps)","18 Aug 2025, 16:14","18 Aug 2025, 17:45","","Warm Up",,"",0,"normal",,,,518,
"Monday – Push (Chest, Shoulders, Triceps)","18 Aug 2025, 16:14","18 Aug 2025, 17:45","","Incline Bench Press (Dumbbell)",,"",0,"normal",52,10,,,
"Monday – Push (Chest, Shoulders, Triceps)","18 Aug 2025, 16:14","18 Aug 2025, 17:45","","Incline Bench Press (Dumbbell)",,"",1,"normal",52,10,,,
"Monday – Push (Chest, Shoulders, Triceps)","18 Aug 2025, 16:14","18 Aug 2025, 17:45","","Incline Bench Press (Dumbbell)",,"",2,"normal",52,10,,,
"Monday – Push (Chest, Shoulders, Triceps)","18 Aug 2025, 16:14","18 Aug 2025, 17:45","","Incline Bench Press (Dumbbell)",,"",3,"normal",52,10,,,
"Monday – Push (Chest, Shoulders, Triceps)","18 Aug 2025, 16:14","18 Aug 2025, 17:45","","Bench Press (Barbell)",,"",0,"normal",90,6,,,
"Monday – Push (Chest, Shoulders, Triceps)","18 Aug 2025, 16:14","18 Aug 2025, 17:45","","Bench Press (Barbell)",,"",1,"normal",80,8,,,
"Monday – Push (Chest, Shoulders, Triceps)","18 Aug 2025, 16:14","18 Aug 2025, 17:45","","Bench Press (Barbell)",,"",2,"normal",80,7,,,
"Monday – Push (Chest, Shoulders, Triceps)","18 Aug 2025, 16:14","18 Aug 2025, 17:45","","Seated Overhead Press (Dumbbell)",,"",0,"normal",40,8,,,
"Monday – Push (Chest, Shoulders, Triceps)","18 Aug 2025, 16:14","18 Aug 2025, 17:45","","Seated Overhead Press (Dumbbell)",,"",1,"normal",40,8,,,
"Monday – Push (Chest, Shoulders, Triceps)","18 Aug 2025, 16:14","18 Aug 2025, 17:45","","Seated Overhead Press (Dumbbell)",,"",2,"normal",40,7,,,
"Monday – Push (Chest, Shoulders, Triceps)","18 Aug 2025, 16:14","18 Aug 2025, 17:45","","Seated Overhead Press (Dumbbell)",,"",3,"normal",40,7,,,
"Monday – Push (Chest, Shoulders, Triceps)","18 Aug 2025, 16:14","18 Aug 2025, 17:45","","Lateral Raise (Dumbbell)",,"",0,"normal",16,15,,,
"Monday – Push (Chest, Shoulders, Triceps)","18 Aug 2025, 16:14","18 Aug 2025, 17:45","","Lateral Raise (Dumbbell)",,"",1,"normal",16,15,,,
"Monday – Push (Chest, Shoulders, Triceps)","18 Aug 2025, 16:14","18 Aug 2025, 17:45","","Lateral Raise (Dumbbell)",,"",2,"normal",16,15,,,
"Monday – Push (Chest, Shoulders, Triceps)","18 Aug 2025, 16:14","18 Aug 2025, 17:45","","Seated Chest Flys (Cable)",,"",0,"normal",44,12,,,
"Monday – Push (Chest, Shoulders, Triceps)","18 Aug 2025, 16:14","18 Aug 2025, 17:45","","Seated Chest Flys (Cable)",,"",1,"normal",44,12,,,
"Monday – Push (Chest, Shoulders, Triceps)","18 Aug 2025, 16:14","18 Aug 2025, 17:45","","Seated Chest Flys (Cable)",,"",2,"normal",50,12,,,
"Monday – Push (Chest, Shoulders, Triceps)","18 Aug 2025, 16:14","18 Aug 2025, 17:45","","Triceps Extension (Suspension)",,"20 høyde",0,"normal",,8,,,
"Monday – Push (Chest, Shoulders, Triceps)","18 Aug 2025, 16:14","18 Aug 2025, 17:45","","Triceps Extension (Suspension)",,"20 høyde",1,"normal",,9,,,
"Monday – Push (Chest, Shoulders, Triceps)","18 Aug 2025, 16:14","18 Aug 2025, 17:45","","Triceps Extension (Suspension)",,"20 høyde",2,"normal",,10,,,
"Monday – Push (Chest, Shoulders, Triceps)","18 Aug 2025, 16:14","18 Aug 2025, 17:45","","Skullcrusher (Dumbbell)",,"",0,"normal",20,15,,,
"Monday – Push (Chest, Shoulders, Triceps)","18 Aug 2025, 16:14","18 Aug 2025, 17:45","","Skullcrusher (Dumbbell)",,"",1,"normal",24,12,,,
"Monday – Push (Chest, Shoulders, Triceps)","18 Aug 2025, 16:14","18 Aug 2025, 17:45","","Skullcrusher (Dumbbell)",,"",2,"normal",24,12,,,
"Friday – Legs (Quads, Hamstrings, Glutes, Calves)","15 Aug 2025, 15:23","15 Aug 2025, 16:30","","Warm Up",,"",0,"normal",,,,734,
"Friday – Legs (Quads, Hamstrings, Glutes, Calves)","15 Aug 2025, 15:23","15 Aug 2025, 16:30","","Squat (Barbell)",,"",0,"normal",80,6,,,
"Friday – Legs (Quads, Hamstrings, Glutes, Calves)","15 Aug 2025, 15:23","15 Aug 2025, 16:30","","Squat (Barbell)",,"",1,"normal",80,6,,,
"Friday – Legs (Quads, Hamstrings, Glutes, Calves)","15 Aug 2025, 15:23","15 Aug 2025, 16:30","","Romanian Deadlift (Barbell)",,"",0,"normal",60,10,,,
"Friday – Legs (Quads, Hamstrings, Glutes, Calves)","15 Aug 2025, 15:23","15 Aug 2025, 16:30","","Romanian Deadlift (Barbell)",,"",1,"normal",60,9,,,
"Friday – Legs (Quads, Hamstrings, Glutes, Calves)","15 Aug 2025, 15:23","15 Aug 2025, 16:30","","Standing Calf Raise (Dumbbell)",,"Single leg",0,"normal",,12,,,
"Friday – Legs (Quads, Hamstrings, Glutes, Calves)","15 Aug 2025, 15:23","15 Aug 2025, 16:30","","Standing Calf Raise (Dumbbell)",,"Single leg",1,"normal",,12,,,
"Friday – Legs (Quads, Hamstrings, Glutes, Calves)","15 Aug 2025, 15:23","15 Aug 2025, 16:30","","Standing Calf Raise (Dumbbell)",,"Single leg",2,"normal",,12,,,
"Friday – Legs (Quads, Hamstrings, Glutes, Calves)","15 Aug 2025, 15:23","15 Aug 2025, 16:30","","Standing Calf Raise (Dumbbell)",,"Single leg",3,"normal",40,12,,,
"Wednesday – Pull (Back, Biceps, Rear Delts)","13 Aug 2025, 16:06","13 Aug 2025, 17:51","","Warm Up",,"",0,"normal",,,,454,
"Wednesday – Pull (Back, Biceps, Rear Delts)","13 Aug 2025, 16:06","13 Aug 2025, 17:51","","Lat Pulldown (Cable)",,"",0,"normal",90,6,,,
"Wednesday – Pull (Back, Biceps, Rear Delts)","13 Aug 2025, 16:06","13 Aug 2025, 17:51","","Lat Pulldown (Cable)",,"",1,"normal",90,6,,,
"Wednesday – Pull (Back, Biceps, Rear Delts)","13 Aug 2025, 16:06","13 Aug 2025, 17:51","","Lat Pulldown (Cable)",,"",2,"normal",90,6,,,
"Wednesday – Pull (Back, Biceps, Rear Delts)","13 Aug 2025, 16:06","13 Aug 2025, 17:51","","Lat Pulldown (Cable)",,"",3,"normal",90,6,,,
"Wednesday – Pull (Back, Biceps, Rear Delts)","13 Aug 2025, 16:06","13 Aug 2025, 17:51","","Deadlift (Barbell)",,"",0,"normal",100,8,,,
"Wednesday – Pull (Back, Biceps, Rear Delts)","13 Aug 2025, 16:06","13 Aug 2025, 17:51","","Deadlift (Barbell)",,"",1,"normal",100,8,,,
"Wednesday – Pull (Back, Biceps, Rear Delts)","13 Aug 2025, 16:06","13 Aug 2025, 17:51","","Deadlift (Barbell)",,"",2,"normal",100,8,,,
"Wednesday – Pull (Back, Biceps, Rear Delts)","13 Aug 2025, 16:06","13 Aug 2025, 17:51","","Single Arm Cable Row",,"",0,"normal",75,9,,,
"Wednesday – Pull (Back, Biceps, Rear Delts)","13 Aug 2025, 16:06","13 Aug 2025, 17:51","","Single Arm Cable Row",,"",1,"normal",75,9,,,
"Wednesday – Pull (Back, Biceps, Rear Delts)","13 Aug 2025, 16:06","13 Aug 2025, 17:51","","Single Arm Cable Row",,"",2,"normal",75,8,,,
"Wednesday – Pull (Back, Biceps, Rear Delts)","13 Aug 2025, 16:06","13 Aug 2025, 17:51","","Rear Delt Reverse Fly (Cable)",,"",0,"normal",10,12,,,
"Wednesday – Pull (Back, Biceps, Rear Delts)","13 Aug 2025, 16:06","13 Aug 2025, 17:51","","Rear Delt Reverse Fly (Cable)",,"",1,"normal",10,12,,,
"Wednesday – Pull (Back, Biceps, Rear Delts)","13 Aug 2025, 16:06","13 Aug 2025, 17:51","","Rear Delt Reverse Fly (Cable)",,"",2,"normal",7,15,,,
"Wednesday – Pull (Back, Biceps, Rear Delts)","13 Aug 2025, 16:06","13 Aug 2025, 17:51","","Seated Incline Curl (Dumbbell)",,"",0,"normal",16,12,,,
"Wednesday – Pull (Back, Biceps, Rear Delts)","13 Aug 2025, 16:06","13 Aug 2025, 17:51","","Seated Incline Curl (Dumbbell)",,"",1,"normal",16,12,,,
"Wednesday – Pull (Back, Biceps, Rear Delts)","13 Aug 2025, 16:06","13 Aug 2025, 17:51","","Seated Incline Curl (Dumbbell)",,"",2,"normal",16,12,,,
"Wednesday – Pull (Back, Biceps, Rear Delts)","13 Aug 2025, 16:06","13 Aug 2025, 17:51","","Hammer Curl (Dumbbell)",,"",0,"normal",16,10,,,
"Wednesday – Pull (Back, Biceps, Rear Delts)","13 Aug 2025, 16:06","13 Aug 2025, 17:51","","Hammer Curl (Dumbbell)",,"",1,"normal",16,10,,,
"Wednesday – Pull (Back, Biceps, Rear Delts)","13 Aug 2025, 16:06","13 Aug 2025, 17:51","","Hammer Curl (Dumbbell)",,"",2,"normal",16,10,,,
"Wednesday – Pull (Back, Biceps, Rear Delts)","13 Aug 2025, 16:06","13 Aug 2025, 17:51","","Rear Delt Row (elbows flared high row with dumbbells)",,"",0,"normal",24,15,,,
"Wednesday – Pull (Back, Biceps, Rear Delts)","13 Aug 2025, 16:06","13 Aug 2025, 17:51","","Rear Delt Row (elbows flared high row with dumbbells)",,"",1,"normal",24,15,,,
"Wednesday – Pull (Back, Biceps, Rear Delts)","13 Aug 2025, 16:06","13 Aug 2025, 17:51","","Rear Delt Row (elbows flared high row with dumbbells)",,"",2,"normal",24,13,,,
"Monday – Push (Chest, Shoulders, Triceps)","11 Aug 2025, 16:20","11 Aug 2025, 18:23","","Warm Up",,"",0,"normal",,,,600,
"Monday – Push (Chest, Shoulders, Triceps)","11 Aug 2025, 16:20","11 Aug 2025, 18:23","","Incline Bench Press (Dumbbell)",,"",0,"normal",52,10,,,
"Monday – Push (Chest, Shoulders, Triceps)","11 Aug 2025, 16:20","11 Aug 2025, 18:23","","Incline Bench Press (Dumbbell)",,"",1,"normal",52,10,,,
"Monday – Push (Chest, Shoulders, Triceps)","11 Aug 2025, 16:20","11 Aug 2025, 18:23","","Incline Bench Press (Dumbbell)",,"",2,"normal",52,10,,,
"Monday – Push (Chest, Shoulders, Triceps)","11 Aug 2025, 16:20","11 Aug 2025, 18:23","","Bench Press (Barbell)",,"",0,"normal",90,8,,,
"Monday – Push (Chest, Shoulders, Triceps)","11 Aug 2025, 16:20","11 Aug 2025, 18:23","","Bench Press (Barbell)",,"",1,"normal",90,8,,,
"Monday – Push (Chest, Shoulders, Triceps)","11 Aug 2025, 16:20","11 Aug 2025, 18:23","","Bench Press (Barbell)",,"",2,"normal",90,7,,,
"Monday – Push (Chest, Shoulders, Triceps)","11 Aug 2025, 16:20","11 Aug 2025, 18:23","","Bench Press (Barbell)",,"",3,"normal",90,6,,,
"Monday – Push (Chest, Shoulders, Triceps)","11 Aug 2025, 16:20","11 Aug 2025, 18:23","","Seated Overhead Press (Dumbbell)",,"",0,"normal",40,8,,,
"Monday – Push (Chest, Shoulders, Triceps)","11 Aug 2025, 16:20","11 Aug 2025, 18:23","","Seated Overhead Press (Dumbbell)",,"",1,"normal",40,8,,,
"Monday – Push (Chest, Shoulders, Triceps)","11 Aug 2025, 16:20","11 Aug 2025, 18:23","","Seated Overhead Press (Dumbbell)",,"",2,"normal",40,7,,,
"Monday – Push (Chest, Shoulders, Triceps)","11 Aug 2025, 16:20","11 Aug 2025, 18:23","","Seated Overhead Press (Dumbbell)",,"",3,"normal",40,5,,,
"Monday – Push (Chest, Shoulders, Triceps)","11 Aug 2025, 16:20","11 Aug 2025, 18:23","","Lateral Raise (Dumbbell)",,"",0,"normal",16,15,,,
"Monday – Push (Chest, Shoulders, Triceps)","11 Aug 2025, 16:20","11 Aug 2025, 18:23","","Lateral Raise (Dumbbell)",,"",1,"normal",16,15,,,
"Monday – Push (Chest, Shoulders, Triceps)","11 Aug 2025, 16:20","11 Aug 2025, 18:23","","Lateral Raise (Dumbbell)",,"",2,"normal",16,12,,,
"Monday – Push (Chest, Shoulders, Triceps)","11 Aug 2025, 16:20","11 Aug 2025, 18:23","","Seated Chest Flys (Cable)",,"",0,"normal",22,12,,,
"Monday – Push (Chest, Shoulders, Triceps)","11 Aug 2025, 16:20","11 Aug 2025, 18:23","","Seated Chest Flys (Cable)",,"",1,"normal",22,12,,,
"Monday – Push (Chest, Shoulders, Triceps)","11 Aug 2025, 16:20","11 Aug 2025, 18:23","","Seated Chest Flys (Cable)",,"",2,"normal",22,12,,,
"Monday – Push (Chest, Shoulders, Triceps)","11 Aug 2025, 16:20","11 Aug 2025, 18:23","","Triceps Extension (Suspension)",,"",0,"normal",,10,,,
"Monday – Push (Chest, Shoulders, Triceps)","11 Aug 2025, 16:20","11 Aug 2025, 18:23","","Triceps Extension (Suspension)",,"",1,"normal",,9,,,
"Monday – Push (Chest, Shoulders, Triceps)","11 Aug 2025, 16:20","11 Aug 2025, 18:23","","Triceps Extension (Suspension)",,"",2,"normal",,8,,,
"Monday – Push (Chest, Shoulders, Triceps)","11 Aug 2025, 16:20","11 Aug 2025, 18:23","","Skullcrusher (Dumbbell)",,"",0,"normal",20,15,,,
"Monday – Push (Chest, Shoulders, Triceps)","11 Aug 2025, 16:20","11 Aug 2025, 18:23","","Skullcrusher (Dumbbell)",,"",1,"normal",20,15,,,
"Monday – Push (Chest, Shoulders, Triceps)","11 Aug 2025, 16:20","11 Aug 2025, 18:23","","Skullcrusher (Dumbbell)",,"",2,"normal",20,15,,,
"Full body","31 Jul 2025, 09:50","31 Jul 2025, 10:40","","Band Pullaparts",,"",0,"normal",,12,,,
"Full body","31 Jul 2025, 09:50","31 Jul 2025, 10:40","","Band Pullaparts",,"",1,"normal",,15,,,
"Full body","31 Jul 2025, 09:50","31 Jul 2025, 10:40","","Band Pullaparts",,"",2,"normal",,15,,,
"Full body","31 Jul 2025, 09:50","31 Jul 2025, 10:40","","Bent Over Row (Band)",,"",0,"normal",,18,,,
"Full body","31 Jul 2025, 09:50","31 Jul 2025, 10:40","","Bent Over Row (Band)",,"",1,"normal",,18,,,
"Full body","31 Jul 2025, 09:50","31 Jul 2025, 10:40","","Bent Over Row (Band)",,"",2,"normal",,18,,,
"Full body","31 Jul 2025, 09:50","31 Jul 2025, 10:40","","Chest Fly (Band)",,"",0,"normal",,40,,,
"Full body","31 Jul 2025, 09:50","31 Jul 2025, 10:40","","Chest Fly (Band)",,"",1,"normal",,32,,,
"Full body","31 Jul 2025, 09:50","31 Jul 2025, 10:40","","Chest Fly (Band)",,"",2,"normal",,32,,,
"Full body","31 Jul 2025, 09:50","31 Jul 2025, 10:40","","Chest Press (Band)",,"",0,"normal",,20,,,
"Full body","31 Jul 2025, 09:50","31 Jul 2025, 10:40","","Chest Press (Band)",,"",1,"normal",,20,,,
"Full body","31 Jul 2025, 09:50","31 Jul 2025, 10:40","","Chest Press (Band)",,"",2,"normal",,20,,,
"Full body","31 Jul 2025, 09:50","31 Jul 2025, 10:40","","Front Raise (Band)",,"",0,"normal",,15,,,
"Full body","31 Jul 2025, 09:50","31 Jul 2025, 10:40","","Front Raise (Band)",,"",1,"normal",,15,,,
"Full body","31 Jul 2025, 09:50","31 Jul 2025, 10:40","","Front Raise (Band)",,"",2,"normal",,15,,,
"Full body","31 Jul 2025, 09:50","31 Jul 2025, 10:40","","Hammer Curl (Band)",,"",0,"normal",,15,,,
"Full body","31 Jul 2025, 09:50","31 Jul 2025, 10:40","","Hammer Curl (Band)",,"",1,"normal",,15,,,
"Full body","31 Jul 2025, 09:50","31 Jul 2025, 10:40","","Hammer Curl (Band)",,"",2,"normal",,15,,,
"Full body","31 Jul 2025, 09:50","31 Jul 2025, 10:40","","Lateral Raise (Band)",,"",0,"normal",,12,,,
"Full body","31 Jul 2025, 09:50","31 Jul 2025, 10:40","","Lateral Raise (Band)",,"",1,"normal",,8,,,
"Full body","31 Jul 2025, 09:50","31 Jul 2025, 10:40","","Lateral Raise (Band)",,"",2,"normal",,8,,,
"Full body","31 Jul 2025, 09:50","31 Jul 2025, 10:40","","Squat (Band)",,"",0,"normal",,15,,,
"Full body","31 Jul 2025, 09:50","31 Jul 2025, 10:40","","Squat (Band)",,"",1,"normal",,15,,,
"Full body","31 Jul 2025, 09:50","31 Jul 2025, 10:40","","Squat (Band)",,"",2,"normal",,21,,,
"Full body","31 Jul 2025, 09:50","31 Jul 2025, 10:40","","Deadlift (Band)",,"",0,"normal",,25,,,
"Friday – Legs (Quads, Hamstrings, Glutes, Calves)","25 Jul 2025, 13:20","25 Jul 2025, 14:52","","Warm Up",,"",0,"normal",,,,870,
"Friday – Legs (Quads, Hamstrings, Glutes, Calves)","25 Jul 2025, 13:20","25 Jul 2025, 14:52","","Squat (Barbell)",,"",0,"normal",60,6,,,
"Friday – Legs (Quads, Hamstrings, Glutes, Calves)","25 Jul 2025, 13:20","25 Jul 2025, 14:52","","Squat (Barbell)",,"",1,"normal",60,6,,,
"Friday – Legs (Quads, Hamstrings, Glutes, Calves)","25 Jul 2025, 13:20","25 Jul 2025, 14:52","","Squat (Barbell)",,"",2,"normal",60,6,,,
"Friday – Legs (Quads, Hamstrings, Glutes, Calves)","25 Jul 2025, 13:20","25 Jul 2025, 14:52","","Squat (Barbell)",,"",3,"normal",60,6,,,
"Friday – Legs (Quads, Hamstrings, Glutes, Calves)","25 Jul 2025, 13:20","25 Jul 2025, 14:52","","Romanian Deadlift (Barbell)",,"",0,"normal",60,10,,,
"Friday – Legs (Quads, Hamstrings, Glutes, Calves)","25 Jul 2025, 13:20","25 Jul 2025, 14:52","","Romanian Deadlift (Barbell)",,"",1,"normal",60,10,,,
"Friday – Legs (Quads, Hamstrings, Glutes, Calves)","25 Jul 2025, 13:20","25 Jul 2025, 14:52","","Romanian Deadlift (Barbell)",,"",2,"normal",60,10,,,
"Friday – Legs (Quads, Hamstrings, Glutes, Calves)","25 Jul 2025, 13:20","25 Jul 2025, 14:52","","Romanian Deadlift (Barbell)",,"",3,"normal",60,10,,,
"Friday – Legs (Quads, Hamstrings, Glutes, Calves)","25 Jul 2025, 13:20","25 Jul 2025, 14:52","","Bulgarian Split Squat",,"",0,"normal",20,10,,,
"Friday – Legs (Quads, Hamstrings, Glutes, Calves)","25 Jul 2025, 13:20","25 Jul 2025, 14:52","","Bulgarian Split Squat",,"",1,"normal",20,10,,,
"Friday – Legs (Quads, Hamstrings, Glutes, Calves)","25 Jul 2025, 13:20","25 Jul 2025, 14:52","","Bulgarian Split Squat",,"",2,"normal",20,10,,,
"Friday – Legs (Quads, Hamstrings, Glutes, Calves)","25 Jul 2025, 13:20","25 Jul 2025, 14:52","","Gliding Leg Curls",,"",0,"normal",123,15,,,
"Friday – Legs (Quads, Hamstrings, Glutes, Calves)","25 Jul 2025, 13:20","25 Jul 2025, 14:52","","Gliding Leg Curls",,"",1,"normal",123,15,,,
"Friday – Legs (Quads, Hamstrings, Glutes, Calves)","25 Jul 2025, 13:20","25 Jul 2025, 14:52","","Gliding Leg Curls",,"",2,"normal",123,15,,,
"Friday – Legs (Quads, Hamstrings, Glutes, Calves)","25 Jul 2025, 13:20","25 Jul 2025, 14:52","","Standing Calf Raise (Dumbbell)",,"",0,"normal",40,20,,,
"Friday – Legs (Quads, Hamstrings, Glutes, Calves)","25 Jul 2025, 13:20","25 Jul 2025, 14:52","","Standing Calf Raise (Dumbbell)",,"",1,"normal",40,20,,,
"Friday – Legs (Quads, Hamstrings, Glutes, Calves)","25 Jul 2025, 13:20","25 Jul 2025, 14:52","","Standing Calf Raise (Dumbbell)",,"",2,"normal",40,16,,,
"Friday – Legs (Quads, Hamstrings, Glutes, Calves)","25 Jul 2025, 13:20","25 Jul 2025, 14:52","","Standing Calf Raise (Dumbbell)",,"",3,"normal",40,17,,,
"Monday – Push (Chest, Shoulders, Triceps)","21 Jul 2025, 13:17","21 Jul 2025, 14:38","","Warm Up",,"",0,"normal",,,,600,
"Monday – Push (Chest, Shoulders, Triceps)","21 Jul 2025, 13:17","21 Jul 2025, 14:38","","Bench Press (Barbell)",,"",0,"normal",90,8,,,
"Monday – Push (Chest, Shoulders, Triceps)","21 Jul 2025, 13:17","21 Jul 2025, 14:38","","Bench Press (Barbell)",,"",1,"normal",90,8,,,
"Monday – Push (Chest, Shoulders, Triceps)","21 Jul 2025, 13:17","21 Jul 2025, 14:38","","Bench Press (Barbell)",,"",2,"normal",90,6,,,
"Monday – Push (Chest, Shoulders, Triceps)","21 Jul 2025, 13:17","21 Jul 2025, 14:38","","Bench Press (Barbell)",,"",3,"normal",90,6,,,
"Monday – Push (Chest, Shoulders, Triceps)","21 Jul 2025, 13:17","21 Jul 2025, 14:38","","Incline Bench Press (Dumbbell)",,"",0,"normal",52,8,,,
"Monday – Push (Chest, Shoulders, Triceps)","21 Jul 2025, 13:17","21 Jul 2025, 14:38","","Incline Bench Press (Dumbbell)",,"",1,"normal",52,8,,,
"Monday – Push (Chest, Shoulders, Triceps)","21 Jul 2025, 13:17","21 Jul 2025, 14:38","","Incline Bench Press (Dumbbell)",,"",2,"normal",52,8,,,
"Monday – Push (Chest, Shoulders, Triceps)","21 Jul 2025, 13:17","21 Jul 2025, 14:38","","Seated Overhead Press (Dumbbell)",,"",0,"normal",24,6,,,
"Monday – Push (Chest, Shoulders, Triceps)","21 Jul 2025, 13:17","21 Jul 2025, 14:38","","Seated Overhead Press (Dumbbell)",,"",1,"normal",36,8,,,
"Monday – Push (Chest, Shoulders, Triceps)","21 Jul 2025, 13:17","21 Jul 2025, 14:38","","Seated Overhead Press (Dumbbell)",,"",2,"normal",36,8,,,
"Monday – Push (Chest, Shoulders, Triceps)","21 Jul 2025, 13:17","21 Jul 2025, 14:38","","Seated Overhead Press (Dumbbell)",,"",3,"normal",36,8,,,
"Monday – Push (Chest, Shoulders, Triceps)","21 Jul 2025, 13:17","21 Jul 2025, 14:38","","Lateral Raise (Dumbbell)",,"",0,"normal",12,15,,,
"Monday – Push (Chest, Shoulders, Triceps)","21 Jul 2025, 13:17","21 Jul 2025, 14:38","","Lateral Raise (Dumbbell)",,"",1,"normal",12,12,,,
"Monday – Push (Chest, Shoulders, Triceps)","21 Jul 2025, 13:17","21 Jul 2025, 14:38","","Lateral Raise (Dumbbell)",,"",2,"normal",12,12,,,
"Monday – Push (Chest, Shoulders, Triceps)","21 Jul 2025, 13:17","21 Jul 2025, 14:38","","Seated Chest Flys (Cable)",,"",0,"normal",20,12,,,
"Monday – Push (Chest, Shoulders, Triceps)","21 Jul 2025, 13:17","21 Jul 2025, 14:38","","Seated Chest Flys (Cable)",,"",1,"normal",20,12,,,
"Monday – Push (Chest, Shoulders, Triceps)","21 Jul 2025, 13:17","21 Jul 2025, 14:38","","Seated Chest Flys (Cable)",,"",2,"normal",20,12,,,
"Monday – Push (Chest, Shoulders, Triceps)","21 Jul 2025, 13:17","21 Jul 2025, 14:38","","Triceps Extension (Suspension)",,"",0,"normal",,10,,,
"Monday – Push (Chest, Shoulders, Triceps)","21 Jul 2025, 13:17","21 Jul 2025, 14:38","","Triceps Extension (Suspension)",,"",1,"normal",,10,,,
"Monday – Push (Chest, Shoulders, Triceps)","21 Jul 2025, 13:17","21 Jul 2025, 14:38","","Triceps Extension (Suspension)",,"",2,"normal",,10,,,
"Monday – Push (Chest, Shoulders, Triceps)","21 Jul 2025, 13:17","21 Jul 2025, 14:38","","Skullcrusher (Dumbbell)",,"",0,"normal",20,15,,,
"Monday – Push (Chest, Shoulders, Triceps)","21 Jul 2025, 13:17","21 Jul 2025, 14:38","","Skullcrusher (Dumbbell)",,"",1,"normal",20,15,,,
"Monday – Push (Chest, Shoulders, Triceps)","21 Jul 2025, 13:17","21 Jul 2025, 14:38","","Skullcrusher (Dumbbell)",,"",2,"normal",20,15,,,
"Friday – Legs (Quads, Hamstrings, Glutes, Calves)","18 Jul 2025, 14:15","18 Jul 2025, 15:41","","Warm Up",,"",0,"normal",,,,870,
"Friday – Legs (Quads, Hamstrings, Glutes, Calves)","18 Jul 2025, 14:15","18 Jul 2025, 15:41","","Squat (Barbell)",,"",0,"normal",100,6,,,
"Friday – Legs (Quads, Hamstrings, Glutes, Calves)","18 Jul 2025, 14:15","18 Jul 2025, 15:41","","Squat (Barbell)",,"",1,"normal",100,6,,,
"Friday – Legs (Quads, Hamstrings, Glutes, Calves)","18 Jul 2025, 14:15","18 Jul 2025, 15:41","","Squat (Barbell)",,"",2,"normal",100,3,,,
"Friday – Legs (Quads, Hamstrings, Glutes, Calves)","18 Jul 2025, 14:15","18 Jul 2025, 15:41","","Romanian Deadlift (Barbell)",,"",0,"normal",60,10,,,
"Friday – Legs (Quads, Hamstrings, Glutes, Calves)","18 Jul 2025, 14:15","18 Jul 2025, 15:41","","Romanian Deadlift (Barbell)",,"",1,"normal",60,9,,,
"Friday – Legs (Quads, Hamstrings, Glutes, Calves)","18 Jul 2025, 14:15","18 Jul 2025, 15:41","","Romanian Deadlift (Barbell)",,"",2,"normal",60,9,,,
"Friday – Legs (Quads, Hamstrings, Glutes, Calves)","18 Jul 2025, 14:15","18 Jul 2025, 15:41","","Romanian Deadlift (Barbell)",,"",3,"normal",60,9,,,
"Friday – Legs (Quads, Hamstrings, Glutes, Calves)","18 Jul 2025, 14:15","18 Jul 2025, 15:41","","Bulgarian Split Squat",,"",0,"normal",20,12,,,
"Friday – Legs (Quads, Hamstrings, Glutes, Calves)","18 Jul 2025, 14:15","18 Jul 2025, 15:41","","Bulgarian Split Squat",,"",1,"normal",20,12,,,
"Friday – Legs (Quads, Hamstrings, Glutes, Calves)","18 Jul 2025, 14:15","18 Jul 2025, 15:41","","Bulgarian Split Squat",,"",2,"normal",20,12,,,
"Friday – Legs (Quads, Hamstrings, Glutes, Calves)","18 Jul 2025, 14:15","18 Jul 2025, 15:41","","Gliding Leg Curls",,"",0,"normal",123,14,,,
"Friday – Legs (Quads, Hamstrings, Glutes, Calves)","18 Jul 2025, 14:15","18 Jul 2025, 15:41","","Gliding Leg Curls",,"",1,"normal",123,13,,,
"Friday – Legs (Quads, Hamstrings, Glutes, Calves)","18 Jul 2025, 14:15","18 Jul 2025, 15:41","","Gliding Leg Curls",,"",2,"normal",123,12,,,
"Friday – Legs (Quads, Hamstrings, Glutes, Calves)","18 Jul 2025, 14:15","18 Jul 2025, 15:41","","Standing Calf Raise (Dumbbell)",,"",0,"normal",40,20,,,
"Friday – Legs (Quads, Hamstrings, Glutes, Calves)","18 Jul 2025, 14:15","18 Jul 2025, 15:41","","Standing Calf Raise (Dumbbell)",,"",1,"normal",40,20,,,
"Friday – Legs (Quads, Hamstrings, Glutes, Calves)","18 Jul 2025, 14:15","18 Jul 2025, 15:41","","Standing Calf Raise (Dumbbell)",,"",2,"normal",40,18,,,
"Friday – Legs (Quads, Hamstrings, Glutes, Calves)","18 Jul 2025, 14:15","18 Jul 2025, 15:41","","Standing Calf Raise (Dumbbell)",,"",3,"normal",40,16,,,
"Wednesday – Pull (Back, Biceps, Rear Delts)","16 Jul 2025, 13:50","16 Jul 2025, 15:32","","Warm Up",,"",0,"normal",,,,600,
"Wednesday – Pull (Back, Biceps, Rear Delts)","16 Jul 2025, 13:50","16 Jul 2025, 15:32","","Lat Pulldown (Cable)",,"",0,"normal",85,10,,,
"Wednesday – Pull (Back, Biceps, Rear Delts)","16 Jul 2025, 13:50","16 Jul 2025, 15:32","","Lat Pulldown (Cable)",,"",1,"normal",85,9,,,
"Wednesday – Pull (Back, Biceps, Rear Delts)","16 Jul 2025, 13:50","16 Jul 2025, 15:32","","Lat Pulldown (Cable)",,"",2,"normal",85,10,,,
"Wednesday – Pull (Back, Biceps, Rear Delts)","16 Jul 2025, 13:50","16 Jul 2025, 15:32","","Lat Pulldown (Cable)",,"",3,"normal",85,8,,,
"Wednesday – Pull (Back, Biceps, Rear Delts)","16 Jul 2025, 13:50","16 Jul 2025, 15:32","","Deadlift (Barbell)",,"",0,"normal",100,8,,,
"Wednesday – Pull (Back, Biceps, Rear Delts)","16 Jul 2025, 13:50","16 Jul 2025, 15:32","","Deadlift (Barbell)",,"",1,"normal",100,8,,,
"Wednesday – Pull (Back, Biceps, Rear Delts)","16 Jul 2025, 13:50","16 Jul 2025, 15:32","","Deadlift (Barbell)",,"",2,"normal",100,8,,,
"Wednesday – Pull (Back, Biceps, Rear Delts)","16 Jul 2025, 13:50","16 Jul 2025, 15:32","","Deadlift (Barbell)",,"",3,"normal",100,8,,,
"Wednesday – Pull (Back, Biceps, Rear Delts)","16 Jul 2025, 13:50","16 Jul 2025, 15:32","","Single Arm Cable Row",,"",0,"normal",75,8,,,
"Wednesday – Pull (Back, Biceps, Rear Delts)","16 Jul 2025, 13:50","16 Jul 2025, 15:32","","Single Arm Cable Row",,"",1,"normal",75,9,,,
"Wednesday – Pull (Back, Biceps, Rear Delts)","16 Jul 2025, 13:50","16 Jul 2025, 15:32","","Single Arm Cable Row",,"",2,"normal",75,8,,,
"Wednesday – Pull (Back, Biceps, Rear Delts)","16 Jul 2025, 13:50","16 Jul 2025, 15:32","","Rear Delt Reverse Fly (Cable)",,"",0,"normal",7,15,,,
"Wednesday – Pull (Back, Biceps, Rear Delts)","16 Jul 2025, 13:50","16 Jul 2025, 15:32","","Rear Delt Reverse Fly (Cable)",,"",1,"normal",7,15,,,
"Wednesday – Pull (Back, Biceps, Rear Delts)","16 Jul 2025, 13:50","16 Jul 2025, 15:32","","Rear Delt Reverse Fly (Cable)",,"",2,"normal",10,14,,,
"Wednesday – Pull (Back, Biceps, Rear Delts)","16 Jul 2025, 13:50","16 Jul 2025, 15:32","","Seated Incline Curl (Dumbbell)",,"",0,"normal",16,12,,,
"Wednesday – Pull (Back, Biceps, Rear Delts)","16 Jul 2025, 13:50","16 Jul 2025, 15:32","","Seated Incline Curl (Dumbbell)",,"",1,"normal",16,12,,,
"Wednesday – Pull (Back, Biceps, Rear Delts)","16 Jul 2025, 13:50","16 Jul 2025, 15:32","","Seated Incline Curl (Dumbbell)",,"",2,"normal",16,12,,,
"Wednesday – Pull (Back, Biceps, Rear Delts)","16 Jul 2025, 13:50","16 Jul 2025, 15:32","","Hammer Curl (Dumbbell)",,"",0,"normal",16,12,,,
"Wednesday – Pull (Back, Biceps, Rear Delts)","16 Jul 2025, 13:50","16 Jul 2025, 15:32","","Hammer Curl (Dumbbell)",,"",1,"normal",16,10,,,
"Wednesday – Pull (Back, Biceps, Rear Delts)","16 Jul 2025, 13:50","16 Jul 2025, 15:32","","Hammer Curl (Dumbbell)",,"",2,"normal",14,10,,,
"Wednesday – Pull (Back, Biceps, Rear Delts)","16 Jul 2025, 13:50","16 Jul 2025, 15:32","","Rear Delt Row (elbows flared high row with dumbbells)",,"",0,"normal",24,15,,,
"Wednesday – Pull (Back, Biceps, Rear Delts)","16 Jul 2025, 13:50","16 Jul 2025, 15:32","","Rear Delt Row (elbows flared high row with dumbbells)",,"",1,"normal",24,15,,,
"Wednesday – Pull (Back, Biceps, Rear Delts)","16 Jul 2025, 13:50","16 Jul 2025, 15:32","","Rear Delt Row (elbows flared high row with dumbbells)",,"",2,"normal",24,15,,,
"Monday – Push (Chest, Shoulders, Triceps)","7 Jul 2025, 15:14","7 Jul 2025, 16:33","","Warm Up",,"",0,"normal",,,,600,
"Monday – Push (Chest, Shoulders, Triceps)","7 Jul 2025, 15:14","7 Jul 2025, 16:33","","Bench Press (Barbell)",,"",0,"normal",60,8,,,
"Monday – Push (Chest, Shoulders, Triceps)","7 Jul 2025, 15:14","7 Jul 2025, 16:33","","Bench Press (Barbell)",,"",1,"normal",60,8,,,
"Monday – Push (Chest, Shoulders, Triceps)","7 Jul 2025, 15:14","7 Jul 2025, 16:33","","Bench Press (Barbell)",,"",2,"normal",60,8,,,
"Monday – Push (Chest, Shoulders, Triceps)","7 Jul 2025, 15:14","7 Jul 2025, 16:33","","Bench Press (Barbell)",,"",3,"normal",60,8,,,
"Monday – Push (Chest, Shoulders, Triceps)","7 Jul 2025, 15:14","7 Jul 2025, 16:33","","Incline Bench Press (Dumbbell)",,"",0,"normal",40,13,,,
"Monday – Push (Chest, Shoulders, Triceps)","7 Jul 2025, 15:14","7 Jul 2025, 16:33","","Incline Bench Press (Dumbbell)",,"",1,"normal",40,8,,,
"Monday – Push (Chest, Shoulders, Triceps)","7 Jul 2025, 15:14","7 Jul 2025, 16:33","","Incline Bench Press (Dumbbell)",,"",2,"normal",40,8,,,
"Monday – Push (Chest, Shoulders, Triceps)","7 Jul 2025, 15:14","7 Jul 2025, 16:33","","Incline Bench Press (Dumbbell)",,"",3,"normal",40,8,,,
"Monday – Push (Chest, Shoulders, Triceps)","7 Jul 2025, 15:14","7 Jul 2025, 16:33","","Seated Overhead Press (Dumbbell)",,"",0,"normal",24,6,,,
"Monday – Push (Chest, Shoulders, Triceps)","7 Jul 2025, 15:14","7 Jul 2025, 16:33","","Seated Overhead Press (Dumbbell)",,"",1,"normal",24,6,,,
"Monday – Push (Chest, Shoulders, Triceps)","7 Jul 2025, 15:14","7 Jul 2025, 16:33","","Seated Overhead Press (Dumbbell)",,"",2,"normal",24,6,,,
"Monday – Push (Chest, Shoulders, Triceps)","7 Jul 2025, 15:14","7 Jul 2025, 16:33","","Seated Overhead Press (Dumbbell)",,"",3,"normal",24,7,,,
"Monday – Push (Chest, Shoulders, Triceps)","7 Jul 2025, 15:14","7 Jul 2025, 16:33","","Lateral Raise (Dumbbell)",,"",0,"normal",8,15,,,
"Monday – Push (Chest, Shoulders, Triceps)","7 Jul 2025, 15:14","7 Jul 2025, 16:33","","Lateral Raise (Dumbbell)",,"",1,"normal",8,13,,,
"Monday – Push (Chest, Shoulders, Triceps)","7 Jul 2025, 15:14","7 Jul 2025, 16:33","","Lateral Raise (Dumbbell)",,"",2,"normal",8,14,,,
"Monday – Push (Chest, Shoulders, Triceps)","7 Jul 2025, 15:14","7 Jul 2025, 16:33","","Seated Chest Flys (Cable)",,"",0,"normal",15,15,,,
"Monday – Push (Chest, Shoulders, Triceps)","7 Jul 2025, 15:14","7 Jul 2025, 16:33","","Seated Chest Flys (Cable)",,"",1,"normal",15,12,,,
"Monday – Push (Chest, Shoulders, Triceps)","7 Jul 2025, 15:14","7 Jul 2025, 16:33","","Seated Chest Flys (Cable)",,"",2,"normal",15,12,,,
"Monday – Push (Chest, Shoulders, Triceps)","7 Jul 2025, 15:14","7 Jul 2025, 16:33","","Triceps Extension (Suspension)",,"",0,"normal",,6,,,
"Monday – Push (Chest, Shoulders, Triceps)","7 Jul 2025, 15:14","7 Jul 2025, 16:33","","Triceps Extension (Suspension)",,"",1,"normal",,6,,,
"Monday – Push (Chest, Shoulders, Triceps)","7 Jul 2025, 15:14","7 Jul 2025, 16:33","","Triceps Extension (Suspension)",,"",2,"normal",,6,,,
"Monday – Push (Chest, Shoulders, Triceps)","7 Jul 2025, 15:14","7 Jul 2025, 16:33","","Skullcrusher (Dumbbell)",,"",0,"normal",16,15,,,
"Monday – Push (Chest, Shoulders, Triceps)","7 Jul 2025, 15:14","7 Jul 2025, 16:33","","Skullcrusher (Dumbbell)",,"",1,"normal",16,15,,,
"Monday – Push (Chest, Shoulders, Triceps)","7 Jul 2025, 15:14","7 Jul 2025, 16:33","","Skullcrusher (Dumbbell)",,"",2,"normal",16,15,,,
"Friday – Legs (Quads, Hamstrings, Glutes, Calves)","4 Jul 2025, 15:05","4 Jul 2025, 16:48","","Warm Up",,"",0,"normal",,,,870,
"Friday – Legs (Quads, Hamstrings, Glutes, Calves)","4 Jul 2025, 15:05","4 Jul 2025, 16:48","","Romanian Deadlift (Barbell)",,"",0,"normal",40,8,,,
"Friday – Legs (Quads, Hamstrings, Glutes, Calves)","4 Jul 2025, 15:05","4 Jul 2025, 16:48","","Romanian Deadlift (Barbell)",,"",1,"normal",40,9,,,
"Friday – Legs (Quads, Hamstrings, Glutes, Calves)","4 Jul 2025, 15:05","4 Jul 2025, 16:48","","Romanian Deadlift (Barbell)",,"",2,"normal",40,9,,,
"Friday – Legs (Quads, Hamstrings, Glutes, Calves)","4 Jul 2025, 15:05","4 Jul 2025, 16:48","","Romanian Deadlift (Barbell)",,"",3,"normal",40,9,,,
"Friday – Legs (Quads, Hamstrings, Glutes, Calves)","4 Jul 2025, 15:05","4 Jul 2025, 16:48","","Squat (Barbell)",,"",0,"normal",60,6,,,
"Friday – Legs (Quads, Hamstrings, Glutes, Calves)","4 Jul 2025, 15:05","4 Jul 2025, 16:48","","Squat (Barbell)",,"",1,"normal",60,6,,,
"Friday – Legs (Quads, Hamstrings, Glutes, Calves)","4 Jul 2025, 15:05","4 Jul 2025, 16:48","","Squat (Barbell)",,"",2,"normal",60,6,,,
"Friday – Legs (Quads, Hamstrings, Glutes, Calves)","4 Jul 2025, 15:05","4 Jul 2025, 16:48","","Squat (Barbell)",,"",3,"normal",60,6,,,
"Friday – Legs (Quads, Hamstrings, Glutes, Calves)","4 Jul 2025, 15:05","4 Jul 2025, 16:48","","Gliding Leg Curls",,"",0,"normal",123,12,,,
"Friday – Legs (Quads, Hamstrings, Glutes, Calves)","4 Jul 2025, 15:05","4 Jul 2025, 16:48","","Gliding Leg Curls",,"",1,"normal",123,12,,,
"Friday – Legs (Quads, Hamstrings, Glutes, Calves)","4 Jul 2025, 15:05","4 Jul 2025, 16:48","","Gliding Leg Curls",,"",2,"normal",123,13,,,
"Friday – Legs (Quads, Hamstrings, Glutes, Calves)","4 Jul 2025, 15:05","4 Jul 2025, 16:48","","Bulgarian Split Squat",,"",0,"normal",20,12,,,
"Friday – Legs (Quads, Hamstrings, Glutes, Calves)","4 Jul 2025, 15:05","4 Jul 2025, 16:48","","Bulgarian Split Squat",,"",1,"normal",20,12,,,
"Friday – Legs (Quads, Hamstrings, Glutes, Calves)","4 Jul 2025, 15:05","4 Jul 2025, 16:48","","Bulgarian Split Squat",,"",2,"normal",20,12,,,
"Friday – Legs (Quads, Hamstrings, Glutes, Calves)","4 Jul 2025, 15:05","4 Jul 2025, 16:48","","Standing Calf Raise (Dumbbell)",,"",0,"normal",20,20,,,
"Friday – Legs (Quads, Hamstrings, Glutes, Calves)","4 Jul 2025, 15:05","4 Jul 2025, 16:48","","Standing Calf Raise (Dumbbell)",,"",1,"normal",20,20,,,
"Friday – Legs (Quads, Hamstrings, Glutes, Calves)","4 Jul 2025, 15:05","4 Jul 2025, 16:48","","Standing Calf Raise (Dumbbell)",,"",2,"normal",20,18,,,
"Friday – Legs (Quads, Hamstrings, Glutes, Calves)","4 Jul 2025, 15:05","4 Jul 2025, 16:48","","Standing Calf Raise (Dumbbell)",,"",3,"normal",20,15,,,
"Wednesday – Pull (Back, Biceps, Rear Delts)","2 Jul 2025, 15:13","2 Jul 2025, 16:47","","Warm Up",,"",0,"normal",,,,600,
"Wednesday – Pull (Back, Biceps, Rear Delts)","2 Jul 2025, 15:13","2 Jul 2025, 16:47","","Lat Pulldown (Cable)",,"",0,"normal",75,10,,,
"Wednesday – Pull (Back, Biceps, Rear Delts)","2 Jul 2025, 15:13","2 Jul 2025, 16:47","","Lat Pulldown (Cable)",,"",1,"normal",75,10,,,
"Wednesday – Pull (Back, Biceps, Rear Delts)","2 Jul 2025, 15:13","2 Jul 2025, 16:47","","Lat Pulldown (Cable)",,"",2,"normal",85,8,,,
"Wednesday – Pull (Back, Biceps, Rear Delts)","2 Jul 2025, 15:13","2 Jul 2025, 16:47","","Lat Pulldown (Cable)",,"",3,"normal",85,7,,,
"Wednesday – Pull (Back, Biceps, Rear Delts)","2 Jul 2025, 15:13","2 Jul 2025, 16:47","","Deadlift (Barbell)",,"",0,"normal",120,8,,,
"Wednesday – Pull (Back, Biceps, Rear Delts)","2 Jul 2025, 15:13","2 Jul 2025, 16:47","","Deadlift (Barbell)",,"",1,"normal",120,8,,,
"Wednesday – Pull (Back, Biceps, Rear Delts)","2 Jul 2025, 15:13","2 Jul 2025, 16:47","","Deadlift (Barbell)",,"",2,"normal",120,8,,,
"Wednesday – Pull (Back, Biceps, Rear Delts)","2 Jul 2025, 15:13","2 Jul 2025, 16:47","","Dumbbell Row",,"",0,"normal",30,10,,,
"Wednesday – Pull (Back, Biceps, Rear Delts)","2 Jul 2025, 15:13","2 Jul 2025, 16:47","","Dumbbell Row",,"",1,"normal",30,10,,,
"Wednesday – Pull (Back, Biceps, Rear Delts)","2 Jul 2025, 15:13","2 Jul 2025, 16:47","","Dumbbell Row",,"",2,"normal",30,10,,,
"Wednesday – Pull (Back, Biceps, Rear Delts)","2 Jul 2025, 15:13","2 Jul 2025, 16:47","","Rear Delt Reverse Fly (Cable)",,"",0,"normal",7,15,,,
"Wednesday – Pull (Back, Biceps, Rear Delts)","2 Jul 2025, 15:13","2 Jul 2025, 16:47","","Rear Delt Reverse Fly (Cable)",,"",1,"normal",7,15,,,
"Wednesday – Pull (Back, Biceps, Rear Delts)","2 Jul 2025, 15:13","2 Jul 2025, 16:47","","Rear Delt Reverse Fly (Cable)",,"",2,"normal",10,12,,,
"Wednesday – Pull (Back, Biceps, Rear Delts)","2 Jul 2025, 15:13","2 Jul 2025, 16:47","","Seated Incline Curl (Dumbbell)",,"",0,"normal",16,12,,,
"Wednesday – Pull (Back, Biceps, Rear Delts)","2 Jul 2025, 15:13","2 Jul 2025, 16:47","","Seated Incline Curl (Dumbbell)",,"",1,"normal",16,12,,,
"Wednesday – Pull (Back, Biceps, Rear Delts)","2 Jul 2025, 15:13","2 Jul 2025, 16:47","","Seated Incline Curl (Dumbbell)",,"",2,"normal",16,12,,,
"Wednesday – Pull (Back, Biceps, Rear Delts)","2 Jul 2025, 15:13","2 Jul 2025, 16:47","","Hammer Curl (Dumbbell)",,"",0,"normal",16,11,,,
"Wednesday – Pull (Back, Biceps, Rear Delts)","2 Jul 2025, 15:13","2 Jul 2025, 16:47","","Hammer Curl (Dumbbell)",,"",1,"normal",16,11,,,
"Wednesday – Pull (Back, Biceps, Rear Delts)","2 Jul 2025, 15:13","2 Jul 2025, 16:47","","Hammer Curl (Dumbbell)",,"",2,"normal",16,11,,,
"Wednesday – Pull (Back, Biceps, Rear Delts)","2 Jul 2025, 15:13","2 Jul 2025, 16:47","","Rear Delt Row (elbows flared high row with dumbbells)",,"",0,"normal",10,12,,,
"Wednesday – Pull (Back, Biceps, Rear Delts)","2 Jul 2025, 15:13","2 Jul 2025, 16:47","","Rear Delt Row (elbows flared high row with dumbbells)",,"",1,"normal",12,15,,,
"Wednesday – Pull (Back, Biceps, Rear Delts)","2 Jul 2025, 15:13","2 Jul 2025, 16:47","","Rear Delt Row (elbows flared high row with dumbbells)",,"",2,"normal",12,15,,,
"Monday – Push (Chest, Shoulders, Triceps)","30 Jun 2025, 15:55","30 Jun 2025, 17:22","","Warm Up",,"",0,"normal",,,,600,
"Monday – Push (Chest, Shoulders, Triceps)","30 Jun 2025, 15:55","30 Jun 2025, 17:22","","Bench Press (Barbell)",,"",0,"normal",90,7,,,
"Monday – Push (Chest, Shoulders, Triceps)","30 Jun 2025, 15:55","30 Jun 2025, 17:22","","Bench Press (Barbell)",,"",1,"normal",90,6,,,
"Monday – Push (Chest, Shoulders, Triceps)","30 Jun 2025, 15:55","30 Jun 2025, 17:22","","Bench Press (Barbell)",,"",2,"normal",90,6,,,
"Monday – Push (Chest, Shoulders, Triceps)","30 Jun 2025, 15:55","30 Jun 2025, 17:22","","Bench Press (Barbell)",,"",3,"normal",90,6,,,
"Monday – Push (Chest, Shoulders, Triceps)","30 Jun 2025, 15:55","30 Jun 2025, 17:22","","Incline Bench Press (Dumbbell)",,"",0,"normal",60,8,,,
"Monday – Push (Chest, Shoulders, Triceps)","30 Jun 2025, 15:55","30 Jun 2025, 17:22","","Incline Bench Press (Dumbbell)",,"",1,"normal",52,8,,,
"Monday – Push (Chest, Shoulders, Triceps)","30 Jun 2025, 15:55","30 Jun 2025, 17:22","","Incline Bench Press (Dumbbell)",,"",2,"normal",52,8,,,
"Monday – Push (Chest, Shoulders, Triceps)","30 Jun 2025, 15:55","30 Jun 2025, 17:22","","Seated Overhead Press (Dumbbell)",,"",0,"normal",44,6,,,
"Monday – Push (Chest, Shoulders, Triceps)","30 Jun 2025, 15:55","30 Jun 2025, 17:22","","Seated Overhead Press (Dumbbell)",,"",1,"normal",40,6,,,
"Monday – Push (Chest, Shoulders, Triceps)","30 Jun 2025, 15:55","30 Jun 2025, 17:22","","Seated Overhead Press (Dumbbell)",,"",2,"normal",40,6,,,
"Monday – Push (Chest, Shoulders, Triceps)","30 Jun 2025, 15:55","30 Jun 2025, 17:22","","Seated Overhead Press (Dumbbell)",,"",3,"normal",36,7,,,
"Monday – Push (Chest, Shoulders, Triceps)","30 Jun 2025, 15:55","30 Jun 2025, 17:22","","Lateral Raise (Dumbbell)",,"",0,"normal",16,12,,,
"Monday – Push (Chest, Shoulders, Triceps)","30 Jun 2025, 15:55","30 Jun 2025, 17:22","","Lateral Raise (Dumbbell)",,"",1,"normal",12,13,,,
"Monday – Push (Chest, Shoulders, Triceps)","30 Jun 2025, 15:55","30 Jun 2025, 17:22","","Lateral Raise (Dumbbell)",,"",2,"normal",12,12,,,
"Monday – Push (Chest, Shoulders, Triceps)","30 Jun 2025, 15:55","30 Jun 2025, 17:22","","Seated Chest Flys (Cable)",,"",0,"normal",22,12,,,
"Monday – Push (Chest, Shoulders, Triceps)","30 Jun 2025, 15:55","30 Jun 2025, 17:22","","Seated Chest Flys (Cable)",,"",1,"normal",22,12,,,
"Monday – Push (Chest, Shoulders, Triceps)","30 Jun 2025, 15:55","30 Jun 2025, 17:22","","Seated Chest Flys (Cable)",,"",2,"normal",22,12,,,
"Monday – Push (Chest, Shoulders, Triceps)","30 Jun 2025, 15:55","30 Jun 2025, 17:22","","Triceps Extension (Suspension)",,"21 rett",0,"normal",,10,,,
"Monday – Push (Chest, Shoulders, Triceps)","30 Jun 2025, 15:55","30 Jun 2025, 17:22","","Triceps Extension (Suspension)",,"21 rett",1,"normal",,10,,,
"Monday – Push (Chest, Shoulders, Triceps)","30 Jun 2025, 15:55","30 Jun 2025, 17:22","","Triceps Extension (Suspension)",,"21 rett",2,"normal",,10,,,
"Monday – Push (Chest, Shoulders, Triceps)","30 Jun 2025, 15:55","30 Jun 2025, 17:22","","Skullcrusher (Dumbbell)",,"",0,"normal",20,15,,,
"Monday – Push (Chest, Shoulders, Triceps)","30 Jun 2025, 15:55","30 Jun 2025, 17:22","","Skullcrusher (Dumbbell)",,"",1,"normal",20,15,,,
"Monday – Push (Chest, Shoulders, Triceps)","30 Jun 2025, 15:55","30 Jun 2025, 17:22","","Skullcrusher (Dumbbell)",,"",2,"normal",24,12,,,
"Friday – Legs (Quads, Hamstrings, Glutes, Calves)","27 Jun 2025, 15:20","27 Jun 2025, 17:01","","Warm Up",,"",0,"normal",,,,895,
"Friday – Legs (Quads, Hamstrings, Glutes, Calves)","27 Jun 2025, 15:20","27 Jun 2025, 17:01","","Romanian Deadlift (Barbell)",,"",0,"normal",60,10,,,
"Friday – Legs (Quads, Hamstrings, Glutes, Calves)","27 Jun 2025, 15:20","27 Jun 2025, 17:01","","Romanian Deadlift (Barbell)",,"",1,"normal",60,10,,,
"Friday – Legs (Quads, Hamstrings, Glutes, Calves)","27 Jun 2025, 15:20","27 Jun 2025, 17:01","","Romanian Deadlift (Barbell)",,"",2,"normal",60,10,,,
"Friday – Legs (Quads, Hamstrings, Glutes, Calves)","27 Jun 2025, 15:20","27 Jun 2025, 17:01","","Romanian Deadlift (Barbell)",,"",3,"normal",60,10,,,
"Friday – Legs (Quads, Hamstrings, Glutes, Calves)","27 Jun 2025, 15:20","27 Jun 2025, 17:01","","Squat (Barbell)",,"",0,"normal",90,6,,,
"Friday – Legs (Quads, Hamstrings, Glutes, Calves)","27 Jun 2025, 15:20","27 Jun 2025, 17:01","","Squat (Barbell)",,"",1,"normal",90,6,,,
"Friday – Legs (Quads, Hamstrings, Glutes, Calves)","27 Jun 2025, 15:20","27 Jun 2025, 17:01","","Squat (Barbell)",,"",2,"normal",90,6,,,
"Friday – Legs (Quads, Hamstrings, Glutes, Calves)","27 Jun 2025, 15:20","27 Jun 2025, 17:01","","Squat (Barbell)",,"",3,"normal",90,6,,,
"Friday – Legs (Quads, Hamstrings, Glutes, Calves)","27 Jun 2025, 15:20","27 Jun 2025, 17:01","","Gliding Leg Curls",,"",0,"normal",123,13,,,
"Friday – Legs (Quads, Hamstrings, Glutes, Calves)","27 Jun 2025, 15:20","27 Jun 2025, 17:01","","Gliding Leg Curls",,"",1,"normal",123,12,,,
"Friday – Legs (Quads, Hamstrings, Glutes, Calves)","27 Jun 2025, 15:20","27 Jun 2025, 17:01","","Gliding Leg Curls",,"",2,"normal",123,13,,,
"Friday – Legs (Quads, Hamstrings, Glutes, Calves)","27 Jun 2025, 15:20","27 Jun 2025, 17:01","","Bulgarian Split Squat",,"",0,"normal",20,12,,,
"Friday – Legs (Quads, Hamstrings, Glutes, Calves)","27 Jun 2025, 15:20","27 Jun 2025, 17:01","","Bulgarian Split Squat",,"",1,"normal",20,12,,,
"Friday – Legs (Quads, Hamstrings, Glutes, Calves)","27 Jun 2025, 15:20","27 Jun 2025, 17:01","","Bulgarian Split Squat",,"",2,"normal",20,12,,,
"Friday – Legs (Quads, Hamstrings, Glutes, Calves)","27 Jun 2025, 15:20","27 Jun 2025, 17:01","","Standing Calf Raise (Dumbbell)",,"",0,"normal",40,20,,,
"Friday – Legs (Quads, Hamstrings, Glutes, Calves)","27 Jun 2025, 15:20","27 Jun 2025, 17:01","","Standing Calf Raise (Dumbbell)",,"",1,"normal",40,20,,,
"Friday – Legs (Quads, Hamstrings, Glutes, Calves)","27 Jun 2025, 15:20","27 Jun 2025, 17:01","","Standing Calf Raise (Dumbbell)",,"",2,"normal",40,18,,,
"Friday – Legs (Quads, Hamstrings, Glutes, Calves)","27 Jun 2025, 15:20","27 Jun 2025, 17:01","","Standing Calf Raise (Dumbbell)",,"",3,"normal",40,15,,,
"Monday – Push (Chest, Shoulders, Triceps)","24 Jun 2025, 16:19","24 Jun 2025, 17:59","","Warm Up",,"",0,"normal",,,,600,
"Monday – Push (Chest, Shoulders, Triceps)","24 Jun 2025, 16:19","24 Jun 2025, 17:59","","Incline Bench Press (Dumbbell)",,"",0,"normal",52,10,,,
"Monday – Push (Chest, Shoulders, Triceps)","24 Jun 2025, 16:19","24 Jun 2025, 17:59","","Incline Bench Press (Dumbbell)",,"",1,"normal",52,10,,,
"Monday – Push (Chest, Shoulders, Triceps)","24 Jun 2025, 16:19","24 Jun 2025, 17:59","","Incline Bench Press (Dumbbell)",,"",2,"normal",52,10,,,
"Monday – Push (Chest, Shoulders, Triceps)","24 Jun 2025, 16:19","24 Jun 2025, 17:59","","Incline Bench Press (Dumbbell)",,"",3,"normal",52,10,,,
"Monday – Push (Chest, Shoulders, Triceps)","24 Jun 2025, 16:19","24 Jun 2025, 17:59","","Bench Press (Barbell)",,"",0,"normal",90,6,,,
"Monday – Push (Chest, Shoulders, Triceps)","24 Jun 2025, 16:19","24 Jun 2025, 17:59","","Bench Press (Barbell)",,"",1,"normal",90,6,,,
"Monday – Push (Chest, Shoulders, Triceps)","24 Jun 2025, 16:19","24 Jun 2025, 17:59","","Bench Press (Barbell)",,"",2,"normal",90,6,,,
"Monday – Push (Chest, Shoulders, Triceps)","24 Jun 2025, 16:19","24 Jun 2025, 17:59","","Triceps Extension (Suspension)",,"",0,"normal",,10,,,
"Monday – Push (Chest, Shoulders, Triceps)","24 Jun 2025, 16:19","24 Jun 2025, 17:59","","Triceps Extension (Suspension)",,"",1,"normal",,10,,,
"Monday – Push (Chest, Shoulders, Triceps)","24 Jun 2025, 16:19","24 Jun 2025, 17:59","","Triceps Extension (Suspension)",,"",2,"normal",,10,,,
"Monday – Push (Chest, Shoulders, Triceps)","24 Jun 2025, 16:19","24 Jun 2025, 17:59","","Skullcrusher (Dumbbell)",,"",0,"normal",20,12,,,
"Monday – Push (Chest, Shoulders, Triceps)","24 Jun 2025, 16:19","24 Jun 2025, 17:59","","Skullcrusher (Dumbbell)",,"",1,"normal",20,15,,,
"Monday – Push (Chest, Shoulders, Triceps)","24 Jun 2025, 16:19","24 Jun 2025, 17:59","","Skullcrusher (Dumbbell)",,"",2,"normal",20,14,,,
"Monday – Push (Chest, Shoulders, Triceps)","24 Jun 2025, 16:19","24 Jun 2025, 17:59","","Seated Overhead Press (Dumbbell)",,"",0,"normal",32,8,,,
"Monday – Push (Chest, Shoulders, Triceps)","24 Jun 2025, 16:19","24 Jun 2025, 17:59","","Seated Overhead Press (Dumbbell)",,"",1,"normal",36,8,,,
"Monday – Push (Chest, Shoulders, Triceps)","24 Jun 2025, 16:19","24 Jun 2025, 17:59","","Seated Overhead Press (Dumbbell)",,"",2,"normal",36,8,,,
"Monday – Push (Chest, Shoulders, Triceps)","24 Jun 2025, 16:19","24 Jun 2025, 17:59","","Seated Overhead Press (Dumbbell)",,"",3,"normal",40,8,,,
"Monday – Push (Chest, Shoulders, Triceps)","24 Jun 2025, 16:19","24 Jun 2025, 17:59","","Lateral Raise (Dumbbell)",,"",0,"normal",12,15,,,
"Monday – Push (Chest, Shoulders, Triceps)","24 Jun 2025, 16:19","24 Jun 2025, 17:59","","Lateral Raise (Dumbbell)",,"",1,"normal",12,15,,,
"Monday – Push (Chest, Shoulders, Triceps)","24 Jun 2025, 16:19","24 Jun 2025, 17:59","","Lateral Raise (Dumbbell)",,"",2,"normal",12,15,,,
"Monday – Push (Chest, Shoulders, Triceps)","24 Jun 2025, 16:19","24 Jun 2025, 17:59","","Seated Chest Flys (Cable)",,"",0,"normal",20,12,,,
"Monday – Push (Chest, Shoulders, Triceps)","24 Jun 2025, 16:19","24 Jun 2025, 17:59","","Seated Chest Flys (Cable)",,"",1,"normal",22,12,,,
"Monday – Push (Chest, Shoulders, Triceps)","24 Jun 2025, 16:19","24 Jun 2025, 17:59","","Seated Chest Flys (Cable)",,"",2,"normal",22,12,,,
"Friday – Legs (Quads, Hamstrings, Glutes, Calves)","20 Jun 2025, 15:31","20 Jun 2025, 17:17","","Warm Up",,"",0,"normal",,,,895,
"Friday – Legs (Quads, Hamstrings, Glutes, Calves)","20 Jun 2025, 15:31","20 Jun 2025, 17:17","","Squat (Barbell)",,"",0,"normal",100,6,,,
"Friday – Legs (Quads, Hamstrings, Glutes, Calves)","20 Jun 2025, 15:31","20 Jun 2025, 17:17","","Squat (Barbell)",,"",1,"normal",100,6,,,
"Friday – Legs (Quads, Hamstrings, Glutes, Calves)","20 Jun 2025, 15:31","20 Jun 2025, 17:17","","Squat (Barbell)",,"",2,"normal",100,6,,,
"Friday – Legs (Quads, Hamstrings, Glutes, Calves)","20 Jun 2025, 15:31","20 Jun 2025, 17:17","","Squat (Barbell)",,"",3,"normal",100,6,,,
"Friday – Legs (Quads, Hamstrings, Glutes, Calves)","20 Jun 2025, 15:31","20 Jun 2025, 17:17","","Romanian Deadlift (Barbell)",,"",0,"normal",70,9,,,
"Friday – Legs (Quads, Hamstrings, Glutes, Calves)","20 Jun 2025, 15:31","20 Jun 2025, 17:17","","Romanian Deadlift (Barbell)",,"",1,"normal",70,10,,,
"Friday – Legs (Quads, Hamstrings, Glutes, Calves)","20 Jun 2025, 15:31","20 Jun 2025, 17:17","","Romanian Deadlift (Barbell)",,"",2,"normal",70,9,,,
"Friday – Legs (Quads, Hamstrings, Glutes, Calves)","20 Jun 2025, 15:31","20 Jun 2025, 17:17","","Romanian Deadlift (Barbell)",,"",3,"normal",70,10,,,
"Friday – Legs (Quads, Hamstrings, Glutes, Calves)","20 Jun 2025, 15:31","20 Jun 2025, 17:17","","Bulgarian Split Squat",,"",0,"normal",20,12,,,
"Friday – Legs (Quads, Hamstrings, Glutes, Calves)","20 Jun 2025, 15:31","20 Jun 2025, 17:17","","Bulgarian Split Squat",,"",1,"normal",20,12,,,
"Friday – Legs (Quads, Hamstrings, Glutes, Calves)","20 Jun 2025, 15:31","20 Jun 2025, 17:17","","Bulgarian Split Squat",,"",2,"normal",20,11,,,
"Friday – Legs (Quads, Hamstrings, Glutes, Calves)","20 Jun 2025, 15:31","20 Jun 2025, 17:17","","Gliding Leg Curls",,"",0,"normal",123,12,,,
"Friday – Legs (Quads, Hamstrings, Glutes, Calves)","20 Jun 2025, 15:31","20 Jun 2025, 17:17","","Gliding Leg Curls",,"",1,"normal",123,12,,,
"Friday – Legs (Quads, Hamstrings, Glutes, Calves)","20 Jun 2025, 15:31","20 Jun 2025, 17:17","","Gliding Leg Curls",,"",2,"normal",123,12,,,
"Friday – Legs (Quads, Hamstrings, Glutes, Calves)","20 Jun 2025, 15:31","20 Jun 2025, 17:17","","Standing Calf Raise (Dumbbell)",,"",0,"normal",32,20,,,
"Friday – Legs (Quads, Hamstrings, Glutes, Calves)","20 Jun 2025, 15:31","20 Jun 2025, 17:17","","Standing Calf Raise (Dumbbell)",,"",1,"normal",32,20,,,
"Friday – Legs (Quads, Hamstrings, Glutes, Calves)","20 Jun 2025, 15:31","20 Jun 2025, 17:17","","Standing Calf Raise (Dumbbell)",,"",2,"normal",32,20,,,
"Friday – Legs (Quads, Hamstrings, Glutes, Calves)","20 Jun 2025, 15:31","20 Jun 2025, 17:17","","Standing Calf Raise (Dumbbell)",,"",3,"normal",40,20,,,
"Monday – Push (Chest, Shoulders, Triceps)","16 Jun 2025, 16:24","16 Jun 2025, 17:57","","Warm Up",,"",0,"normal",,,,600,
"Monday – Push (Chest, Shoulders, Triceps)","16 Jun 2025, 16:24","16 Jun 2025, 17:57","","Bench Press (Barbell)",,"",0,"normal",90,8,,,
"Monday – Push (Chest, Shoulders, Triceps)","16 Jun 2025, 16:24","16 Jun 2025, 17:57","","Bench Press (Barbell)",,"",1,"normal",90,8,,,
"Monday – Push (Chest, Shoulders, Triceps)","16 Jun 2025, 16:24","16 Jun 2025, 17:57","","Bench Press (Barbell)",,"",2,"normal",90,7,,,
"Monday – Push (Chest, Shoulders, Triceps)","16 Jun 2025, 16:24","16 Jun 2025, 17:57","","Bench Press (Barbell)",,"",3,"normal",90,6,,,
"Monday – Push (Chest, Shoulders, Triceps)","16 Jun 2025, 16:24","16 Jun 2025, 17:57","","Incline Bench Press (Dumbbell)",,"",0,"normal",52,8,,,
"Monday – Push (Chest, Shoulders, Triceps)","16 Jun 2025, 16:24","16 Jun 2025, 17:57","","Incline Bench Press (Dumbbell)",,"",1,"normal",52,8,,,
"Monday – Push (Chest, Shoulders, Triceps)","16 Jun 2025, 16:24","16 Jun 2025, 17:57","","Incline Bench Press (Dumbbell)",,"",2,"normal",52,8,,,
"Monday – Push (Chest, Shoulders, Triceps)","16 Jun 2025, 16:24","16 Jun 2025, 17:57","","Seated Overhead Press (Dumbbell)",,"",0,"normal",40,7,,,
"Monday – Push (Chest, Shoulders, Triceps)","16 Jun 2025, 16:24","16 Jun 2025, 17:57","","Seated Overhead Press (Dumbbell)",,"",1,"normal",40,7,,,
"Monday – Push (Chest, Shoulders, Triceps)","16 Jun 2025, 16:24","16 Jun 2025, 17:57","","Seated Overhead Press (Dumbbell)",,"",2,"normal",40,7,,,
"Monday – Push (Chest, Shoulders, Triceps)","16 Jun 2025, 16:24","16 Jun 2025, 17:57","","Triceps Extension (Suspension)",,"",0,"normal",,0,,,
"Monday – Push (Chest, Shoulders, Triceps)","16 Jun 2025, 16:24","16 Jun 2025, 17:57","","Triceps Extension (Suspension)",,"",1,"normal",,0,,,
"Monday – Push (Chest, Shoulders, Triceps)","16 Jun 2025, 16:24","16 Jun 2025, 17:57","","Triceps Extension (Suspension)",,"",2,"normal",,0,,,
"Friday – Legs (Quads, Hamstrings, Glutes, Calves)","12 Jun 2025, 16:19","12 Jun 2025, 18:13","","Warm Up",,"",0,"normal",,,,895,
"Friday – Legs (Quads, Hamstrings, Glutes, Calves)","12 Jun 2025, 16:19","12 Jun 2025, 18:13","","Squat (Barbell)",,"",0,"normal",80,8,,,
"Friday – Legs (Quads, Hamstrings, Glutes, Calves)","12 Jun 2025, 16:19","12 Jun 2025, 18:13","","Squat (Barbell)",,"",1,"normal",80,6,,,
"Friday – Legs (Quads, Hamstrings, Glutes, Calves)","12 Jun 2025, 16:19","12 Jun 2025, 18:13","","Squat (Barbell)",,"",2,"normal",80,6,,,
"Friday – Legs (Quads, Hamstrings, Glutes, Calves)","12 Jun 2025, 16:19","12 Jun 2025, 18:13","","Squat (Barbell)",,"",3,"normal",80,6,,,
"Friday – Legs (Quads, Hamstrings, Glutes, Calves)","12 Jun 2025, 16:19","12 Jun 2025, 18:13","","Romanian Deadlift (Barbell)",,"",0,"normal",60,10,,,
"Friday – Legs (Quads, Hamstrings, Glutes, Calves)","12 Jun 2025, 16:19","12 Jun 2025, 18:13","","Romanian Deadlift (Barbell)",,"",1,"normal",60,10,,,
"Friday – Legs (Quads, Hamstrings, Glutes, Calves)","12 Jun 2025, 16:19","12 Jun 2025, 18:13","","Romanian Deadlift (Barbell)",,"",2,"normal",60,10,,,
"Friday – Legs (Quads, Hamstrings, Glutes, Calves)","12 Jun 2025, 16:19","12 Jun 2025, 18:13","","Romanian Deadlift (Barbell)",,"",3,"normal",60,10,,,
"Friday – Legs (Quads, Hamstrings, Glutes, Calves)","12 Jun 2025, 16:19","12 Jun 2025, 18:13","","Gliding Leg Curls",,"24 høyde liggende box",0,"normal",123,10,,,
"Friday – Legs (Quads, Hamstrings, Glutes, Calves)","12 Jun 2025, 16:19","12 Jun 2025, 18:13","","Gliding Leg Curls",,"24 høyde liggende box",1,"normal",123,12,,,
"Friday – Legs (Quads, Hamstrings, Glutes, Calves)","12 Jun 2025, 16:19","12 Jun 2025, 18:13","","Gliding Leg Curls",,"24 høyde liggende box",2,"normal",123,12,,,
"Friday – Legs (Quads, Hamstrings, Glutes, Calves)","12 Jun 2025, 16:19","12 Jun 2025, 18:13","","Bulgarian Split Squat",,"",0,"normal",20,12,,,
"Friday – Legs (Quads, Hamstrings, Glutes, Calves)","12 Jun 2025, 16:19","12 Jun 2025, 18:13","","Bulgarian Split Squat",,"",1,"normal",20,12,,,
"Friday – Legs (Quads, Hamstrings, Glutes, Calves)","12 Jun 2025, 16:19","12 Jun 2025, 18:13","","Bulgarian Split Squat",,"",2,"normal",20,12,,,
"Friday – Legs (Quads, Hamstrings, Glutes, Calves)","12 Jun 2025, 16:19","12 Jun 2025, 18:13","","Standing Calf Raise (Dumbbell)",,"",0,"normal",,20,,,
"Friday – Legs (Quads, Hamstrings, Glutes, Calves)","12 Jun 2025, 16:19","12 Jun 2025, 18:13","","Standing Calf Raise (Dumbbell)",,"",1,"normal",20,20,,,
"Friday – Legs (Quads, Hamstrings, Glutes, Calves)","12 Jun 2025, 16:19","12 Jun 2025, 18:13","","Standing Calf Raise (Dumbbell)",,"",2,"normal",32,20,,,
"Friday – Legs (Quads, Hamstrings, Glutes, Calves)","12 Jun 2025, 16:19","12 Jun 2025, 18:13","","Standing Calf Raise (Dumbbell)",,"",3,"normal",32,20,,,
"Friday – Legs (Quads, Hamstrings, Glutes, Calves)","12 Jun 2025, 16:19","12 Jun 2025, 18:13","","Squat (Bodyweight)",,"",0,"normal",,20,,,
"Wednesday – Pull (Back, Biceps, Rear Delts)","10 Jun 2025, 15:35","10 Jun 2025, 17:18","","Warm Up",,"",0,"normal",,,,653,
"Wednesday – Pull (Back, Biceps, Rear Delts)","10 Jun 2025, 15:35","10 Jun 2025, 17:18","","Lat Pulldown (Cable)",,"Started med 8 pullups men så røyk band",0,"normal",85,7,,,
"Wednesday – Pull (Back, Biceps, Rear Delts)","10 Jun 2025, 15:35","10 Jun 2025, 17:18","","Lat Pulldown (Cable)",,"Started med 8 pullups men så røyk band",1,"normal",85,7,,,
"Wednesday – Pull (Back, Biceps, Rear Delts)","10 Jun 2025, 15:35","10 Jun 2025, 17:18","","Lat Pulldown (Cable)",,"Started med 8 pullups men så røyk band",2,"normal",85,7,,,
"Wednesday – Pull (Back, Biceps, Rear Delts)","10 Jun 2025, 15:35","10 Jun 2025, 17:18","","Deadlift (Barbell)",,"",0,"normal",120,7,,,
"Wednesday – Pull (Back, Biceps, Rear Delts)","10 Jun 2025, 15:35","10 Jun 2025, 17:18","","Deadlift (Barbell)",,"",1,"normal",120,6,,,
"Wednesday – Pull (Back, Biceps, Rear Delts)","10 Jun 2025, 15:35","10 Jun 2025, 17:18","","Deadlift (Barbell)",,"",2,"normal",120,6,,,
"Wednesday – Pull (Back, Biceps, Rear Delts)","10 Jun 2025, 15:35","10 Jun 2025, 17:18","","Deadlift (Barbell)",,"",3,"normal",120,6,,,
"Wednesday – Pull (Back, Biceps, Rear Delts)","10 Jun 2025, 15:35","10 Jun 2025, 17:18","","Dumbbell Row",,"",0,"normal",30,10,,,
"Wednesday – Pull (Back, Biceps, Rear Delts)","10 Jun 2025, 15:35","10 Jun 2025, 17:18","","Dumbbell Row",,"",1,"normal",30,10,,,
"Wednesday – Pull (Back, Biceps, Rear Delts)","10 Jun 2025, 15:35","10 Jun 2025, 17:18","","Dumbbell Row",,"",2,"normal",30,10,,,
"Wednesday – Pull (Back, Biceps, Rear Delts)","10 Jun 2025, 15:35","10 Jun 2025, 17:18","","Rear Delt Reverse Fly (Cable)",,"",0,"normal",10,12,,,
"Wednesday – Pull (Back, Biceps, Rear Delts)","10 Jun 2025, 15:35","10 Jun 2025, 17:18","","Rear Delt Reverse Fly (Cable)",,"",1,"normal",10,12,,,
"Wednesday – Pull (Back, Biceps, Rear Delts)","10 Jun 2025, 15:35","10 Jun 2025, 17:18","","Rear Delt Reverse Fly (Cable)",,"",2,"normal",10,12,,,
"Wednesday – Pull (Back, Biceps, Rear Delts)","10 Jun 2025, 15:35","10 Jun 2025, 17:18","","Seated Incline Curl (Dumbbell)",,"",0,"normal",14,12,,,
"Wednesday – Pull (Back, Biceps, Rear Delts)","10 Jun 2025, 15:35","10 Jun 2025, 17:18","","Seated Incline Curl (Dumbbell)",,"",1,"normal",14,12,,,
"Wednesday – Pull (Back, Biceps, Rear Delts)","10 Jun 2025, 15:35","10 Jun 2025, 17:18","","Seated Incline Curl (Dumbbell)",,"",2,"normal",14,12,,,
"Wednesday – Pull (Back, Biceps, Rear Delts)","10 Jun 2025, 15:35","10 Jun 2025, 17:18","","Hammer Curl (Dumbbell)",,"",0,"normal",14,12,,,
"Wednesday – Pull (Back, Biceps, Rear Delts)","10 Jun 2025, 15:35","10 Jun 2025, 17:18","","Hammer Curl (Dumbbell)",,"",1,"normal",14,12,,,
"Wednesday – Pull (Back, Biceps, Rear Delts)","10 Jun 2025, 15:35","10 Jun 2025, 17:18","","Hammer Curl (Dumbbell)",,"",2,"normal",14,12,,,
"Wednesday – Pull (Back, Biceps, Rear Delts)","10 Jun 2025, 15:35","10 Jun 2025, 17:18","","Rear Delt Row (elbows flared high row with dumbbells)",,"",0,"normal",10,15,,,
"Wednesday – Pull (Back, Biceps, Rear Delts)","10 Jun 2025, 15:35","10 Jun 2025, 17:18","","Rear Delt Row (elbows flared high row with dumbbells)",,"",1,"normal",10,15,,,
"Wednesday – Pull (Back, Biceps, Rear Delts)","10 Jun 2025, 15:35","10 Jun 2025, 17:18","","Rear Delt Row (elbows flared high row with dumbbells)",,"",2,"normal",10,15,,,
"Monday – Push (Chest, Shoulders, Triceps)","9 Jun 2025, 13:19","9 Jun 2025, 15:13","","Bench Press (Barbell)",,"",0,"normal",90,8,,,
"Monday – Push (Chest, Shoulders, Triceps)","9 Jun 2025, 13:19","9 Jun 2025, 15:13","","Bench Press (Barbell)",,"",1,"normal",90,7,,,
"Monday – Push (Chest, Shoulders, Triceps)","9 Jun 2025, 13:19","9 Jun 2025, 15:13","","Bench Press (Barbell)",,"",2,"normal",90,6,,,
"Monday – Push (Chest, Shoulders, Triceps)","9 Jun 2025, 13:19","9 Jun 2025, 15:13","","Bench Press (Barbell)",,"",3,"normal",80,8,,,
"Monday – Push (Chest, Shoulders, Triceps)","9 Jun 2025, 13:19","9 Jun 2025, 15:13","","Incline Bench Press (Dumbbell)",,"",0,"normal",60,8,,,
"Monday – Push (Chest, Shoulders, Triceps)","9 Jun 2025, 13:19","9 Jun 2025, 15:13","","Incline Bench Press (Dumbbell)",,"",1,"normal",52,9,,,
"Monday – Push (Chest, Shoulders, Triceps)","9 Jun 2025, 13:19","9 Jun 2025, 15:13","","Incline Bench Press (Dumbbell)",,"",2,"normal",52,9,,,
"Monday – Push (Chest, Shoulders, Triceps)","9 Jun 2025, 13:19","9 Jun 2025, 15:13","","Seated Overhead Press (Dumbbell)",,"",0,"normal",44,8,,,
"Monday – Push (Chest, Shoulders, Triceps)","9 Jun 2025, 13:19","9 Jun 2025, 15:13","","Seated Overhead Press (Dumbbell)",,"",1,"normal",44,6,,,
"Monday – Push (Chest, Shoulders, Triceps)","9 Jun 2025, 13:19","9 Jun 2025, 15:13","","Seated Overhead Press (Dumbbell)",,"",2,"normal",40,6,,,
"Monday – Push (Chest, Shoulders, Triceps)","9 Jun 2025, 13:19","9 Jun 2025, 15:13","","Seated Overhead Press (Dumbbell)",,"",3,"normal",36,8,,,
"Monday – Push (Chest, Shoulders, Triceps)","9 Jun 2025, 13:19","9 Jun 2025, 15:13","","Lateral Raise (Dumbbell)",,"",0,"normal",12,15,,,
"Monday – Push (Chest, Shoulders, Triceps)","9 Jun 2025, 13:19","9 Jun 2025, 15:13","","Lateral Raise (Dumbbell)",,"",1,"normal",12,15,,,
"Monday – Push (Chest, Shoulders, Triceps)","9 Jun 2025, 13:19","9 Jun 2025, 15:13","","Lateral Raise (Dumbbell)",,"",2,"normal",12,13,,,
"Monday – Push (Chest, Shoulders, Triceps)","9 Jun 2025, 13:19","9 Jun 2025, 15:13","","Seated Chest Flys (Cable)",,"",0,"normal",20,12,,,
"Monday – Push (Chest, Shoulders, Triceps)","9 Jun 2025, 13:19","9 Jun 2025, 15:13","","Seated Chest Flys (Cable)",,"",1,"normal",20,12,,,
"Monday – Push (Chest, Shoulders, Triceps)","9 Jun 2025, 13:19","9 Jun 2025, 15:13","","Seated Chest Flys (Cable)",,"",2,"normal",20,12,,,
"Monday – Push (Chest, Shoulders, Triceps)","9 Jun 2025, 13:19","9 Jun 2025, 15:13","","Triceps Extension (Suspension)",,"20 rett",0,"normal",,10,,,
"Monday – Push (Chest, Shoulders, Triceps)","9 Jun 2025, 13:19","9 Jun 2025, 15:13","","Triceps Extension (Suspension)",,"20 rett",1,"normal",,10,,,
"Monday – Push (Chest, Shoulders, Triceps)","9 Jun 2025, 13:19","9 Jun 2025, 15:13","","Triceps Extension (Suspension)",,"20 rett",2,"normal",,10,,,
"Monday – Push (Chest, Shoulders, Triceps)","9 Jun 2025, 13:19","9 Jun 2025, 15:13","","Skullcrusher (Dumbbell)",,"",0,"normal",20,12,,,
"Monday – Push (Chest, Shoulders, Triceps)","9 Jun 2025, 13:19","9 Jun 2025, 15:13","","Skullcrusher (Dumbbell)",,"",1,"normal",20,13,,,
"Monday – Push (Chest, Shoulders, Triceps)","9 Jun 2025, 13:19","9 Jun 2025, 15:13","","Skullcrusher (Dumbbell)",,"",2,"normal",20,16,,,
"Friday – Legs (Quads, Hamstrings, Glutes, Calves)","6 Jun 2025, 15:16","6 Jun 2025, 16:57","","Warm Up",,"",0,"normal",,,,2,
"Friday – Legs (Quads, Hamstrings, Glutes, Calves)","6 Jun 2025, 15:16","6 Jun 2025, 16:57","","Squat (Barbell)",,"",0,"normal",100,7,,,
"Friday – Legs (Quads, Hamstrings, Glutes, Calves)","6 Jun 2025, 15:16","6 Jun 2025, 16:57","","Squat (Barbell)",,"",1,"normal",100,6,,,
"Friday – Legs (Quads, Hamstrings, Glutes, Calves)","6 Jun 2025, 15:16","6 Jun 2025, 16:57","","Squat (Barbell)",,"",2,"normal",100,6,,,
"Friday – Legs (Quads, Hamstrings, Glutes, Calves)","6 Jun 2025, 15:16","6 Jun 2025, 16:57","","Squat (Barbell)",,"",3,"normal",100,6,,,
"Friday – Legs (Quads, Hamstrings, Glutes, Calves)","6 Jun 2025, 15:16","6 Jun 2025, 16:57","","Romanian Deadlift (Barbell)",,"",0,"normal",70,10,,,
"Friday – Legs (Quads, Hamstrings, Glutes, Calves)","6 Jun 2025, 15:16","6 Jun 2025, 16:57","","Romanian Deadlift (Barbell)",,"",1,"normal",70,9,,,
"Friday – Legs (Quads, Hamstrings, Glutes, Calves)","6 Jun 2025, 15:16","6 Jun 2025, 16:57","","Romanian Deadlift (Barbell)",,"",2,"normal",70,9,,,
"Friday – Legs (Quads, Hamstrings, Glutes, Calves)","6 Jun 2025, 15:16","6 Jun 2025, 16:57","","Romanian Deadlift (Barbell)",,"",3,"normal",70,9,,,
"Friday – Legs (Quads, Hamstrings, Glutes, Calves)","6 Jun 2025, 15:16","6 Jun 2025, 16:57","","Bulgarian Split Squat",,"",0,"normal",20,10,,,
"Friday – Legs (Quads, Hamstrings, Glutes, Calves)","6 Jun 2025, 15:16","6 Jun 2025, 16:57","","Bulgarian Split Squat",,"",1,"normal",20,12,,,
"Friday – Legs (Quads, Hamstrings, Glutes, Calves)","6 Jun 2025, 15:16","6 Jun 2025, 16:57","","Bulgarian Split Squat",,"",2,"normal",20,12,,,
"Friday – Legs (Quads, Hamstrings, Glutes, Calves)","6 Jun 2025, 15:16","6 Jun 2025, 16:57","","Front-Foot Elevated Dumbbell Split Squats",,"",0,"normal",20,12,,,
"Friday – Legs (Quads, Hamstrings, Glutes, Calves)","6 Jun 2025, 15:16","6 Jun 2025, 16:57","","Front-Foot Elevated Dumbbell Split Squats",,"",1,"normal",24,10,,,
"Friday – Legs (Quads, Hamstrings, Glutes, Calves)","6 Jun 2025, 15:16","6 Jun 2025, 16:57","","Front-Foot Elevated Dumbbell Split Squats",,"",2,"normal",24,10,,,
"Friday – Legs (Quads, Hamstrings, Glutes, Calves)","6 Jun 2025, 15:16","6 Jun 2025, 16:57","","Gliding Leg Curls",,"",0,"normal",123,12,,,
"Friday – Legs (Quads, Hamstrings, Glutes, Calves)","6 Jun 2025, 15:16","6 Jun 2025, 16:57","","Gliding Leg Curls",,"",1,"normal",123,12,,,
"Wednesday – Pull (Back, Biceps, Rear Delts)","4 Jun 2025, 16:24","4 Jun 2025, 17:41","","Warm Up",,"",0,"normal",,,,600,
"Wednesday – Pull (Back, Biceps, Rear Delts)","4 Jun 2025, 16:24","4 Jun 2025, 17:41","","Pull Up",,"",0,"normal",,8,,,
"Wednesday – Pull (Back, Biceps, Rear Delts)","4 Jun 2025, 16:24","4 Jun 2025, 17:41","","Pull Up",,"",1,"normal",,8,,,
"Wednesday – Pull (Back, Biceps, Rear Delts)","4 Jun 2025, 16:24","4 Jun 2025, 17:41","","Pull Up",,"",2,"normal",,6,,,
"Wednesday – Pull (Back, Biceps, Rear Delts)","4 Jun 2025, 16:24","4 Jun 2025, 17:41","","Pull Up",,"",3,"normal",,6,,,
"Wednesday – Pull (Back, Biceps, Rear Delts)","4 Jun 2025, 16:24","4 Jun 2025, 17:41","","Bent Over Row (Dumbbell)",,"",0,"normal",22,8,,,
"Wednesday – Pull (Back, Biceps, Rear Delts)","4 Jun 2025, 16:24","4 Jun 2025, 17:41","","Bent Over Row (Dumbbell)",,"",1,"normal",22,8,,,
"Wednesday – Pull (Back, Biceps, Rear Delts)","4 Jun 2025, 16:24","4 Jun 2025, 17:41","","Bent Over Row (Dumbbell)",,"",2,"normal",24,8,,,
"Wednesday – Pull (Back, Biceps, Rear Delts)","4 Jun 2025, 16:24","4 Jun 2025, 17:41","","Bent Over Row (Dumbbell)",,"",3,"normal",24,8,,,
"Wednesday – Pull (Back, Biceps, Rear Delts)","4 Jun 2025, 16:24","4 Jun 2025, 17:41","","Dumbbell Row",,"",0,"normal",30,10,,,
"Wednesday – Pull (Back, Biceps, Rear Delts)","4 Jun 2025, 16:24","4 Jun 2025, 17:41","","Dumbbell Row",,"",1,"normal",30,10,,,
"Wednesday – Pull (Back, Biceps, Rear Delts)","4 Jun 2025, 16:24","4 Jun 2025, 17:41","","Dumbbell Row",,"",2,"normal",30,10,,,
"Wednesday – Pull (Back, Biceps, Rear Delts)","4 Jun 2025, 16:24","4 Jun 2025, 17:41","","Rear Delt Reverse Fly (Cable)",,"",0,"normal",10,12,,,
"Wednesday – Pull (Back, Biceps, Rear Delts)","4 Jun 2025, 16:24","4 Jun 2025, 17:41","","Rear Delt Reverse Fly (Cable)",,"",1,"normal",7,15,,,
"Wednesday – Pull (Back, Biceps, Rear Delts)","4 Jun 2025, 16:24","4 Jun 2025, 17:41","","Rear Delt Reverse Fly (Cable)",,"",2,"normal",10,12,,,
"Wednesday – Pull (Back, Biceps, Rear Delts)","4 Jun 2025, 16:24","4 Jun 2025, 17:41","","Seated Incline Curl (Dumbbell)",,"",0,"normal",14,15,,,
"Wednesday – Pull (Back, Biceps, Rear Delts)","4 Jun 2025, 16:24","4 Jun 2025, 17:41","","Seated Incline Curl (Dumbbell)",,"",1,"normal",14,12,,,
"Wednesday – Pull (Back, Biceps, Rear Delts)","4 Jun 2025, 16:24","4 Jun 2025, 17:41","","Seated Incline Curl (Dumbbell)",,"",2,"normal",14,12,,,
"Wednesday – Pull (Back, Biceps, Rear Delts)","4 Jun 2025, 16:24","4 Jun 2025, 17:41","","Hammer Curl (Dumbbell)",,"",0,"normal",14,12,,,
"Wednesday – Pull (Back, Biceps, Rear Delts)","4 Jun 2025, 16:24","4 Jun 2025, 17:41","","Hammer Curl (Dumbbell)",,"",1,"normal",14,12,,,
"Wednesday – Pull (Back, Biceps, Rear Delts)","4 Jun 2025, 16:24","4 Jun 2025, 17:41","","Hammer Curl (Dumbbell)",,"",2,"normal",17,11,,,
"Wednesday – Pull (Back, Biceps, Rear Delts)","4 Jun 2025, 16:24","4 Jun 2025, 17:41","","Rear Delt Row (elbows flared high row with dumbbells)",,"",0,"normal",10,15,,,
"Wednesday – Pull (Back, Biceps, Rear Delts)","4 Jun 2025, 16:24","4 Jun 2025, 17:41","","Rear Delt Row (elbows flared high row with dumbbells)",,"",1,"normal",12,13,,,
"Wednesday – Pull (Back, Biceps, Rear Delts)","4 Jun 2025, 16:24","4 Jun 2025, 17:41","","Rear Delt Row (elbows flared high row with dumbbells)",,"",2,"normal",10,17,,,
"Wednesday – Pull (Back, Biceps, Rear Delts)","4 Jun 2025, 16:24","4 Jun 2025, 17:41","","21s Bicep Curl",,"",0,"normal",20,34,,,
"Wednesday – Pull (Back, Biceps, Rear Delts)","4 Jun 2025, 16:24","4 Jun 2025, 17:41","","21s Bicep Curl",,"",1,"normal",20,31,,,
"Monday, legs? Frontdeltaforce?","2 Jun 2025, 16:52","2 Jun 2025, 18:13","","HIIT",,"",0,"normal",,,,1260,
"Monday, legs? Frontdeltaforce?","2 Jun 2025, 16:52","2 Jun 2025, 18:13","","Incline Bench Press (Dumbbell)",,"",0,"normal",60,12,,,
"Monday, legs? Frontdeltaforce?","2 Jun 2025, 16:52","2 Jun 2025, 18:13","","Incline Bench Press (Dumbbell)",,"",1,"normal",60,12,,,
"Monday, legs? Frontdeltaforce?","2 Jun 2025, 16:52","2 Jun 2025, 18:13","","Incline Bench Press (Dumbbell)",,"",2,"normal",60,10,,,
"Monday, legs? Frontdeltaforce?","2 Jun 2025, 16:52","2 Jun 2025, 18:13","","Belt Squats",,"",0,"normal",100,25,,,
"Monday, legs? Frontdeltaforce?","2 Jun 2025, 16:52","2 Jun 2025, 18:13","","Belt Squats",,"",1,"normal",100,25,,,
"Monday, legs? Frontdeltaforce?","2 Jun 2025, 16:52","2 Jun 2025, 18:13","","Belt Squats",,"",2,"normal",100,25,,,
"Monday, legs? Frontdeltaforce?","2 Jun 2025, 16:52","2 Jun 2025, 18:13","","Overhead Press (Barbell)",,"",0,"normal",50,8,,,
"Monday, legs? Frontdeltaforce?","2 Jun 2025, 16:52","2 Jun 2025, 18:13","","Overhead Press (Barbell)",,"",1,"normal",50,8,,,
"Monday, legs? Frontdeltaforce?","2 Jun 2025, 16:52","2 Jun 2025, 18:13","","Overhead Press (Barbell)",,"",2,"normal",50,8,,,
"Funday Wednesday","28 May 2025, 15:44","28 May 2025, 16:31","","Triceps Extension (Suspension)",,"20 rett på første 19 rett på andre 18 på siste",0,"normal",,15,,,
"Funday Wednesday","28 May 2025, 15:44","28 May 2025, 16:31","","Triceps Extension (Suspension)",,"20 rett på første 19 rett på andre 18 på siste",1,"normal",,12,,,
"Funday Wednesday","28 May 2025, 15:44","28 May 2025, 16:31","","Triceps Extension (Suspension)",,"20 rett på første 19 rett på andre 18 på siste",2,"normal",,8,,,
"Funday Wednesday","28 May 2025, 15:44","28 May 2025, 16:31","","Preacher Curl (Dumbbell)",,"",0,"normal",14,12,,,
"Funday Wednesday","28 May 2025, 15:44","28 May 2025, 16:31","","Preacher Curl (Dumbbell)",,"",1,"normal",14,12,,,
"Funday Wednesday","28 May 2025, 15:44","28 May 2025, 16:31","","Preacher Curl (Dumbbell)",,"",2,"normal",14,8,,,
"Funday Wednesday","28 May 2025, 15:44","28 May 2025, 16:31","","Single Arm Lat Pulldown",,"",0,"normal",55,19,,,
"Funday Wednesday","28 May 2025, 15:44","28 May 2025, 16:31","","Single Arm Lat Pulldown",,"",1,"normal",60,20,,,
"Funday Wednesday","28 May 2025, 15:44","28 May 2025, 16:31","","Single Arm Lat Pulldown",,"",2,"normal",60,21,,,
"Monday not so fun day","26 May 2025, 16:50","26 May 2025, 18:02","","HIIT",,"",0,"normal",,,,1260,
"Monday not so fun day","26 May 2025, 16:50","26 May 2025, 18:02","","Incline Bench Press (Dumbbell)",,"",0,"normal",60,11,,,
"Monday not so fun day","26 May 2025, 16:50","26 May 2025, 18:02","","Incline Bench Press (Dumbbell)",,"",1,"normal",60,11,,,
"Monday not so fun day","26 May 2025, 16:50","26 May 2025, 18:02","","Incline Bench Press (Dumbbell)",,"",2,"normal",60,10,,,
"Monday not so fun day","26 May 2025, 16:50","26 May 2025, 18:02","","Lateral Raise (Dumbbell)",,"",0,"normal",10,13,,,
"Monday not so fun day","26 May 2025, 16:50","26 May 2025, 18:02","","Lateral Raise (Dumbbell)",,"",1,"normal",10,13,,,
"Monday not so fun day","26 May 2025, 16:50","26 May 2025, 18:02","","Lateral Raise (Dumbbell)",,"",2,"normal",10,15,,,
"Monday not so fun day","26 May 2025, 16:50","26 May 2025, 18:02","","Single Arm Cable Row",,"",0,"normal",75,14,,,
"Monday not so fun day","26 May 2025, 16:50","26 May 2025, 18:02","","Single Arm Cable Row",,"",1,"normal",80,10,,,
"Monday not so fun day","26 May 2025, 16:50","26 May 2025, 18:02","","Single Arm Cable Row",,"",2,"normal",75,11,,,
"Freeeday","23 May 2025, 15:40","23 May 2025, 16:40","","HIIT",,"",0,"normal",,,,1260,
"Freeeday","23 May 2025, 15:40","23 May 2025, 16:40","","Triceps Extension (Suspension)",,"",0,"normal",,15,,,
"Freeeday","23 May 2025, 15:40","23 May 2025, 16:40","","Triceps Extension (Suspension)",,"",1,"normal",,15,,,
"Freeeday","23 May 2025, 15:40","23 May 2025, 16:40","","Triceps Extension (Suspension)",,"",2,"normal",,18,,,
"Freeeday","23 May 2025, 15:40","23 May 2025, 16:40","","Seated Incline Curl (Dumbbell)",,"",0,"normal",16,12,,,
"Freeeday","23 May 2025, 15:40","23 May 2025, 16:40","","Seated Incline Curl (Dumbbell)",,"",1,"normal",16,15,,,
"Freeeday","23 May 2025, 15:40","23 May 2025, 16:40","","Seated Incline Curl (Dumbbell)",,"",2,"normal",18,11,,,
"Freeeday","23 May 2025, 15:40","23 May 2025, 16:40","","Deadlift (Barbell)",,"",0,"normal",100,21,,,
"Freeeday","23 May 2025, 15:40","23 May 2025, 16:40","","Deadlift (Barbell)",,"",1,"normal",100,15,,,
"Freeeday","23 May 2025, 15:40","23 May 2025, 16:40","","Deadlift (Barbell)",,"",2,"normal",100,15,,,
"Lats again?","21 May 2025, 16:38","21 May 2025, 17:52","","HIIT",,"",0,"normal",,,,1260,
"Lats again?","21 May 2025, 16:38","21 May 2025, 17:52","","Pull Up",,"3x negatives pr set",0,"normal",,6,,,
"Lats again?","21 May 2025, 16:38","21 May 2025, 17:52","","Pull Up",,"3x negatives pr set",1,"normal",,6,,,
"Lats again?","21 May 2025, 16:38","21 May 2025, 17:52","","Pull Up",,"3x negatives pr set",2,"normal",,5,,,
"Lats again?","21 May 2025, 16:38","21 May 2025, 17:52","","Lateral Raise (Dumbbell)",,"",0,"normal",10,12,,,
"Lats again?","21 May 2025, 16:38","21 May 2025, 17:52","","Lateral Raise (Dumbbell)",,"",1,"normal",10,12,,,
"Lats again?","21 May 2025, 16:38","21 May 2025, 17:52","","Lateral Raise (Dumbbell)",,"",2,"normal",10,10,,,
"Lats again?","21 May 2025, 16:38","21 May 2025, 17:52","","Single Arm Lat Pulldown",,"",0,"normal",25,18,,,
"Lats again?","21 May 2025, 16:38","21 May 2025, 17:52","","Single Arm Lat Pulldown",,"",1,"normal",50,20,,,
"Lats again?","21 May 2025, 16:38","21 May 2025, 17:52","","Single Arm Lat Pulldown",,"",2,"normal",50,21,,,
"Lats???","14 May 2025, 16:57","14 May 2025, 18:05","","HIIT",,"",0,"normal",,,,1260,
"Lats???","14 May 2025, 16:57","14 May 2025, 18:05","","Single Arm Lat Pulldown",,"",0,"normal",25,12,,,
"Lats???","14 May 2025, 16:57","14 May 2025, 18:05","","Single Arm Lat Pulldown",,"",1,"normal",25,15,,,
"Lats???","14 May 2025, 16:57","14 May 2025, 18:05","","Single Arm Lat Pulldown",,"",2,"normal",25,23,,,
"Lats???","14 May 2025, 16:57","14 May 2025, 18:05","","Seated Incline Curl (Dumbbell)",,"",0,"normal",12,15,,,
"Lats???","14 May 2025, 16:57","14 May 2025, 18:05","","Seated Incline Curl (Dumbbell)",,"",1,"normal",14,15,,,
"Lats???","14 May 2025, 16:57","14 May 2025, 18:05","","Seated Incline Curl (Dumbbell)",,"",2,"normal",16,12,,,
"Lats???","14 May 2025, 16:57","14 May 2025, 18:05","","Pullover (Dumbbell)",,"",0,"normal",20,20,,,
"Lats???","14 May 2025, 16:57","14 May 2025, 18:05","","Pullover (Dumbbell)",,"",1,"normal",24,20,,,
"Lats???","14 May 2025, 16:57","14 May 2025, 18:05","","Pullover (Dumbbell)",,"",2,"normal",26,22,,,
"Fuck yeah! Momday!","12 May 2025, 16:48","12 May 2025, 17:49","","HIIT",,"",0,"normal",,,,1260,
"Fuck yeah! Momday!","12 May 2025, 16:48","12 May 2025, 17:49","","Incline Bench Press (Dumbbell)",,"",0,"normal",60,11,,,
"Fuck yeah! Momday!","12 May 2025, 16:48","12 May 2025, 17:49","","Incline Bench Press (Dumbbell)",,"",1,"normal",60,10,,,
"Fuck yeah! Momday!","12 May 2025, 16:48","12 May 2025, 17:49","","Incline Bench Press (Dumbbell)",,"",2,"normal",60,9,,,
"Fuck yeah! Momday!","12 May 2025, 16:48","12 May 2025, 17:49","","Seated Cable Row - V Grip (Cable)",,"",0,"normal",95,9,,,
"Fuck yeah! Momday!","12 May 2025, 16:48","12 May 2025, 17:49","","Seated Cable Row - V Grip (Cable)",,"",1,"normal",90,13,,,
"Fuck yeah! Momday!","12 May 2025, 16:48","12 May 2025, 17:49","","Seated Cable Row - V Grip (Cable)",,"",2,"normal",90,13,,,
"Fuck yeah! Momday!","12 May 2025, 16:48","12 May 2025, 17:49","","Skullcrusher (Dumbbell)",,"",0,"normal",14,13,,,
"Fuck yeah! Momday!","12 May 2025, 16:48","12 May 2025, 17:49","","Skullcrusher (Dumbbell)",,"",1,"normal",14,14,,,
"Fuck yeah! Momday!","12 May 2025, 16:48","12 May 2025, 17:49","","Skullcrusher (Dumbbell)",,"",2,"normal",14,14,,,
"Yes....","9 May 2025, 16:29","9 May 2025, 17:07","","Cross Body Hammer Curl",,"",0,"normal",10,15,,,
"Yes....","9 May 2025, 16:29","9 May 2025, 17:07","","Cross Body Hammer Curl",,"",1,"normal",10,15,,,
"Yes....","9 May 2025, 16:29","9 May 2025, 17:07","","Cross Body Hammer Curl",,"",2,"normal",10,15,,,
"Yeeeeh boooy","7 May 2025, 16:51","7 May 2025, 17:52","","HIIT",,"",0,"normal",,,,1260,
"Yeeeeh boooy","7 May 2025, 16:51","7 May 2025, 17:52","","Triceps Extension (Suspension)",,"21 rett",0,"normal",,10,,,
"Yeeeeh boooy","7 May 2025, 16:51","7 May 2025, 17:52","","Triceps Extension (Suspension)",,"21 rett",1,"normal",,11,,,
"Yeeeeh boooy","7 May 2025, 16:51","7 May 2025, 17:52","","Triceps Extension (Suspension)",,"21 rett",2,"normal",,17,,,
"Yeeeeh boooy","7 May 2025, 16:51","7 May 2025, 17:52","","Lateral Raise (Dumbbell)",,"Full lat",0,"normal",8,15,,,
"Yeeeeh boooy","7 May 2025, 16:51","7 May 2025, 17:52","","Lateral Raise (Dumbbell)",,"Full lat",1,"normal",8,15,,,
"Yeeeeh boooy","7 May 2025, 16:51","7 May 2025, 17:52","","Lateral Raise (Dumbbell)",,"Full lat",2,"normal",8,17,,,
"Yeeeeh boooy","7 May 2025, 16:51","7 May 2025, 17:52","","Deadlift (Barbell)",,"Paused",0,"normal",80,10,,,
"Yeeeeh boooy","7 May 2025, 16:51","7 May 2025, 17:52","","Deadlift (Barbell)",,"Paused",1,"normal",80,10,,,
"Yeeeeh boooy","7 May 2025, 16:51","7 May 2025, 17:52","","Deadlift (Barbell)",,"Paused",2,"normal",80,10,,,
"Hell yeah","5 May 2025, 16:27","5 May 2025, 17:39","","Incline Bench Press (Dumbbell)",,"",0,"normal",60,10,,,
"Hell yeah","5 May 2025, 16:27","5 May 2025, 17:39","","Incline Bench Press (Dumbbell)",,"",1,"normal",60,10,,,
"Hell yeah","5 May 2025, 16:27","5 May 2025, 17:39","","Incline Bench Press (Dumbbell)",,"",2,"normal",60,10,,,
"Hell yeah","5 May 2025, 16:27","5 May 2025, 17:39","","Lat Pulldown (Cable)",,"",0,"normal",65,17,,,
"Hell yeah","5 May 2025, 16:27","5 May 2025, 17:39","","Lat Pulldown (Cable)",,"",1,"normal",65,17,,,
"Hell yeah","5 May 2025, 16:27","5 May 2025, 17:39","","Wrist Roller",,"",0,"normal",7.5,13,,,
"Hell yeah","5 May 2025, 16:27","5 May 2025, 17:39","","Wrist Roller",,"",1,"normal",7.5,12,,,
"Hell yeah","5 May 2025, 16:27","5 May 2025, 17:39","","Dumbbell Row",,"",0,"normal",26,24,,,
"Hell yeah","5 May 2025, 16:27","5 May 2025, 17:39","","Dumbbell Row",,"",1,"normal",30,36,,,
"Hell yeah","5 May 2025, 16:27","5 May 2025, 17:39","","Dumbbell Row",,"",2,"normal",30,36,,,
"Afternoon workout 💪","2 May 2025, 14:50","2 May 2025, 15:51","","HIIT",,"",0,"normal",,,,1260,
"Afternoon workout 💪","2 May 2025, 14:50","2 May 2025, 15:51","","Skullcrusher (Dumbbell)",,"",0,"normal",16,10,,,
"Afternoon workout 💪","2 May 2025, 14:50","2 May 2025, 15:51","","Skullcrusher (Dumbbell)",,"",1,"normal",14,12,,,
"Afternoon workout 💪","2 May 2025, 14:50","2 May 2025, 15:51","","Skullcrusher (Dumbbell)",,"",2,"normal",14,12,,,
"Afternoon workout 💪","2 May 2025, 14:50","2 May 2025, 15:51","","Concentration Curl",,"",0,"normal",18,9,,,
"Afternoon workout 💪","2 May 2025, 14:50","2 May 2025, 15:51","","Concentration Curl",,"",1,"normal",18,9,,,
"Afternoon workout 💪","2 May 2025, 14:50","2 May 2025, 15:51","","Concentration Curl",,"",2,"normal",20,9,,,
"Afternoon workout 💪","2 May 2025, 14:50","2 May 2025, 15:51","","Shoulder Press (Dumbbell)",,"",0,"normal",24,12,,,
"Afternoon workout 💪","2 May 2025, 14:50","2 May 2025, 15:51","","Shoulder Press (Dumbbell)",,"",1,"normal",24,11,,,
"Afternoon workout 💪","2 May 2025, 14:50","2 May 2025, 15:51","","Shoulder Press (Dumbbell)",,"",2,"normal",24,10,,,
"Afternoon workout 💪","30 Apr 2025, 16:55","30 Apr 2025, 17:50","","HIIT",,"",0,"normal",,,,1260,
"Afternoon workout 💪","30 Apr 2025, 16:55","30 Apr 2025, 17:50","","Lateral Prayers",,"",0,"normal",55,14,,,
"Afternoon workout 💪","30 Apr 2025, 16:55","30 Apr 2025, 17:50","","Lateral Prayers",,"",1,"normal",65,12,,,
"Afternoon workout 💪","30 Apr 2025, 16:55","30 Apr 2025, 17:50","","Lateral Prayers",,"",2,"normal",65,8,,,
"Afternoon workout 💪","30 Apr 2025, 16:55","30 Apr 2025, 17:50","","Lateral Prayers",,"",3,"normal",55,15,,,
"Afternoon workout 💪","30 Apr 2025, 16:55","30 Apr 2025, 17:50","","Single Arm Cable Row",,"",0,"normal",75,9,,,
"Afternoon workout 💪","30 Apr 2025, 16:55","30 Apr 2025, 17:50","","Single Arm Cable Row",,"",1,"normal",75,12,,,
"Afternoon workout 💪","30 Apr 2025, 16:55","30 Apr 2025, 17:50","","Single Arm Cable Row",,"",2,"normal",75,13,,,
"Afternoon workout 💪","30 Apr 2025, 16:55","30 Apr 2025, 17:50","","Deadlift (Barbell)",,"",0,"normal",120,13,,,
"Afternoon workout 💪","30 Apr 2025, 16:55","30 Apr 2025, 17:50","","Deadlift (Barbell)",,"",1,"normal",120,12,,,
"Afternoon workout 💪","30 Apr 2025, 16:55","30 Apr 2025, 17:50","","Deadlift (Barbell)",,"",2,"normal",120,16,,,
"Mandag motha****","28 Apr 2025, 16:51","28 Apr 2025, 18:20","","HIIT",,"",0,"normal",,,,1260,
"Mandag motha****","28 Apr 2025, 16:51","28 Apr 2025, 18:20","","Incline Bench Press (Dumbbell)",,"",0,"normal",60,10,,,
"Mandag motha****","28 Apr 2025, 16:51","28 Apr 2025, 18:20","","Incline Bench Press (Dumbbell)",,"",1,"normal",60,9,,,
"Mandag motha****","28 Apr 2025, 16:51","28 Apr 2025, 18:20","","Incline Bench Press (Dumbbell)",,"",2,"normal",60,11,,,
"Mandag motha****","28 Apr 2025, 16:51","28 Apr 2025, 18:20","","Triceps Extension (Suspension)",,"25 rett",0,"normal",,15,,,
"Mandag motha****","28 Apr 2025, 16:51","28 Apr 2025, 18:20","","Triceps Extension (Suspension)",,"25 rett",1,"normal",,13,,,
"Mandag motha****","28 Apr 2025, 16:51","28 Apr 2025, 18:20","","Triceps Extension (Suspension)",,"25 rett",2,"normal",,15,,,
"Mandag motha****","28 Apr 2025, 16:51","28 Apr 2025, 18:20","","Hip Thrust (Barbell)",,"",0,"normal",80,30,,,
"Mandag motha****","28 Apr 2025, 16:51","28 Apr 2025, 18:20","","Hip Thrust (Barbell)",,"",1,"normal",80,30,,,
"Mandag motha****","28 Apr 2025, 16:51","28 Apr 2025, 18:20","","Hip Thrust (Barbell)",,"",2,"normal",120,26,,,
"Freeeeedag!","25 Apr 2025, 15:43","25 Apr 2025, 17:05","","Decline Chest Fly (Dumbbell)",,"",0,"normal",8,12,,,
"Freeeeedag!","25 Apr 2025, 15:43","25 Apr 2025, 17:05","","Decline Chest Fly (Dumbbell)",,"",1,"normal",10,10,,,
"Freeeeedag!","25 Apr 2025, 15:43","25 Apr 2025, 17:05","","Decline Chest Fly (Dumbbell)",,"",2,"normal",8,12,,,
"Freeeeedag!","25 Apr 2025, 15:43","25 Apr 2025, 17:05","","Seated Incline Curl (Dumbbell)",,"",0,"normal",10,12,,,
"Freeeeedag!","25 Apr 2025, 15:43","25 Apr 2025, 17:05","","Seated Incline Curl (Dumbbell)",,"",1,"normal",10,12,,,
"Freeeeedag!","25 Apr 2025, 15:43","25 Apr 2025, 17:05","","Seated Incline Curl (Dumbbell)",,"",2,"normal",10,15,,,
"Freeeeedag!","25 Apr 2025, 15:43","25 Apr 2025, 17:05","","Seated Cable Row - Bar Grip",,"",0,"normal",60,15,,,
"Freeeeedag!","25 Apr 2025, 15:43","25 Apr 2025, 17:05","","Seated Cable Row - Bar Grip",,"",1,"normal",75,12,,,
"Freeeeedag!","25 Apr 2025, 15:43","25 Apr 2025, 17:05","","Seated Cable Row - Bar Grip",,"",2,"normal",75,16,,,
"Yeeeeh","23 Apr 2025, 17:06","23 Apr 2025, 17:51","","Triceps Extension (Suspension)",,"12 på kne",0,"normal",,15,,,
"Yeeeeh","23 Apr 2025, 17:06","23 Apr 2025, 17:51","","Triceps Extension (Suspension)",,"12 på kne",1,"normal",,15,,,
"Yeeeeh","23 Apr 2025, 17:06","23 Apr 2025, 17:51","","Triceps Extension (Suspension)",,"12 på kne",2,"normal",,15,,,
"Yeeeeh","23 Apr 2025, 17:06","23 Apr 2025, 17:51","","Single Arm Lateral Raise (Cable)",,"",0,"normal",15,9,,,
"Yeeeeh","23 Apr 2025, 17:06","23 Apr 2025, 17:51","","Single Arm Lateral Raise (Cable)",,"",1,"normal",15,9,,,
"Yeeeeh","23 Apr 2025, 17:06","23 Apr 2025, 17:51","","Single Arm Lateral Raise (Cable)",,"",2,"normal",15,9,,,
"Yeeeeh","23 Apr 2025, 17:06","23 Apr 2025, 17:51","","Lateral Prayers",,"",0,"normal",55,12,,,
"Yeeeeh","23 Apr 2025, 17:06","23 Apr 2025, 17:51","","Lateral Prayers",,"",1,"normal",65,8,,,
"Yeeeeh","23 Apr 2025, 17:06","23 Apr 2025, 17:51","","Lateral Prayers",,"",2,"normal",60,12,,,
"Yeeeeh","23 Apr 2025, 17:06","23 Apr 2025, 17:51","","Lateral Prayers",,"",3,"normal",50,8,,,
"Back to work workout","22 Apr 2025, 16:50","22 Apr 2025, 17:59","","HIIT",,"",0,"normal",,,,1260,
"Back to work workout","22 Apr 2025, 16:50","22 Apr 2025, 17:59","","Single Arm Cable Row",,"",0,"normal",65,14,,,
"Back to work workout","22 Apr 2025, 16:50","22 Apr 2025, 17:59","","Single Arm Cable Row",,"",1,"normal",70,12,,,
"Back to work workout","22 Apr 2025, 16:50","22 Apr 2025, 17:59","","Single Arm Cable Row",,"",2,"normal",75,12,,,
"Back to work workout","22 Apr 2025, 16:50","22 Apr 2025, 17:59","","Incline Bench Press (Dumbbell)",,"",0,"normal",60,10,,,
"Back to work workout","22 Apr 2025, 16:50","22 Apr 2025, 17:59","","Incline Bench Press (Dumbbell)",,"",1,"normal",60,9,,,
"Back to work workout","22 Apr 2025, 16:50","22 Apr 2025, 17:59","","Incline Bench Press (Dumbbell)",,"",2,"normal",60,7,,,
"Back to work workout","22 Apr 2025, 16:50","22 Apr 2025, 17:59","","Deadlift (Barbell)",,"",0,"normal",100,8,,,
"Back to work workout","22 Apr 2025, 16:50","22 Apr 2025, 17:59","","Deadlift (Barbell)",,"",1,"normal",100,12,,,
"Back to work workout","22 Apr 2025, 16:50","22 Apr 2025, 17:59","","Deadlift (Barbell)",,"",2,"normal",100,12,,,
"Short run","20 Apr 2025, 13:19","20 Apr 2025, 13:34","","Running",,"",0,"normal",,,2,15,
"Legs for days","17 Apr 2025, 11:59","17 Apr 2025, 13:33","","Leg Extension (Machine)",,"",0,"normal",120,12,,,
"Legs for days","17 Apr 2025, 11:59","17 Apr 2025, 13:33","","Leg Extension (Machine)",,"",1,"normal",120,12,,,
"Legs for days","17 Apr 2025, 11:59","17 Apr 2025, 13:33","","Leg Extension (Machine)",,"",2,"normal",110,12,,,
"Legs for days","17 Apr 2025, 11:59","17 Apr 2025, 13:33","","Leg Extension (Machine)",,"",3,"normal",110,10,,,
"Legs for days","17 Apr 2025, 11:59","17 Apr 2025, 13:33","","Leg Extension (Machine)",,"",4,"normal",100,10,,,
"Legs for days","17 Apr 2025, 11:59","17 Apr 2025, 13:33","","Leg Extension (Machine)",,"",5,"normal",100,13,,,
"Legs for days","17 Apr 2025, 11:59","17 Apr 2025, 13:33","","Lying Leg Curl (Machine)",,"",0,"normal",40,10,,,
"Legs for days","17 Apr 2025, 11:59","17 Apr 2025, 13:33","","Lying Leg Curl (Machine)",,"",1,"normal",40,10,,,
"Legs for days","17 Apr 2025, 11:59","17 Apr 2025, 13:33","","Lying Leg Curl (Machine)",,"",2,"normal",40,14,,,
"Legs for days","17 Apr 2025, 11:59","17 Apr 2025, 13:33","","Glute Kickback (Machine)",,"",0,"normal",100,40,,,
"Legs for days","17 Apr 2025, 11:59","17 Apr 2025, 13:33","","Glute Kickback (Machine)",,"",1,"normal",100,40,,,
"Legs for days","17 Apr 2025, 11:59","17 Apr 2025, 13:33","","Romanian Deadlift (Barbell)",,"",0,"normal",60,8,,,
"Trening med Loffen","15 Apr 2025, 11:45","15 Apr 2025, 12:41","","Chest Press (Machine)",,"",0,"normal",60,15,,,
"Trening med Loffen","15 Apr 2025, 11:45","15 Apr 2025, 12:41","","Chest Press (Machine)",,"",1,"normal",60,12,,,
"Trening med Loffen","15 Apr 2025, 11:45","15 Apr 2025, 12:41","","Chest Press (Machine)",,"",2,"normal",60,13,,,
"Trening med Loffen","15 Apr 2025, 11:45","15 Apr 2025, 12:41","","Iso-Lateral Chest Press (Machine)",,"",0,"normal",70,10,,,
"Trening med Loffen","15 Apr 2025, 11:45","15 Apr 2025, 12:41","","Iso-Lateral Chest Press (Machine)",,"",1,"normal",70,11,,,
"Trening med Loffen","15 Apr 2025, 11:45","15 Apr 2025, 12:41","","Iso-Lateral Chest Press (Machine)",,"",2,"normal",70,10,,,
"Trening med Loffen","15 Apr 2025, 11:45","15 Apr 2025, 12:41","","Triceps Dip (Weighted)",,"",0,"normal",,6,,,
"Trening med Loffen","15 Apr 2025, 11:45","15 Apr 2025, 12:41","","Triceps Dip (Weighted)",,"",1,"normal",,6,,,
"Trening med Loffen","15 Apr 2025, 11:45","15 Apr 2025, 12:41","","Shoulder Press (Machine Plates)",,"",0,"normal",60,15,,,
"Trening med Loffen","15 Apr 2025, 11:45","15 Apr 2025, 12:41","","Shoulder Press (Machine Plates)",,"",1,"normal",60,12,,,
"Trening med Loffen","15 Apr 2025, 11:45","15 Apr 2025, 12:41","","Shoulder Press (Machine Plates)",,"",2,"normal",60,14,,,
"Trening med Loffen","15 Apr 2025, 11:45","15 Apr 2025, 12:41","","Seated Chest Flys (Cable)",,"",0,"normal",15,15,,,
"Trening med Loffen","15 Apr 2025, 11:45","15 Apr 2025, 12:41","","Seated Chest Flys (Cable)",,"",1,"normal",20,8,,,
"Trening med Loffen","15 Apr 2025, 11:45","15 Apr 2025, 12:41","","Seated Chest Flys (Cable)",,"",2,"normal",20,8,,,
"Trening med Loffen","15 Apr 2025, 11:45","15 Apr 2025, 12:41","","Skullcrusher (Barbell)",,"",0,"normal",100,6,,,
"Trening med Loffen","15 Apr 2025, 11:45","15 Apr 2025, 12:41","","Skullcrusher (Barbell)",,"",1,"normal",100,6,,,
"Trening med Loffen","15 Apr 2025, 11:45","15 Apr 2025, 12:41","","Skullcrusher (Barbell)",,"",2,"normal",100,6,,,
"Bakkeinterval med Loffen","14 Apr 2025, 16:46","14 Apr 2025, 17:32","","Sprints",,"Bakke interval",0,"normal",,,,20,
"Bakkeinterval med Loffen","14 Apr 2025, 16:46","14 Apr 2025, 17:32","","Sprints",,"Bakke interval",1,"normal",,,,20,
"Bakkeinterval med Loffen","14 Apr 2025, 16:46","14 Apr 2025, 17:32","","Sprints",,"Bakke interval",2,"normal",,,,20,
"Bakkeinterval med Loffen","14 Apr 2025, 16:46","14 Apr 2025, 17:32","","Sprints",,"Bakke interval",3,"normal",,,,20,
"Bakkeinterval med Loffen","14 Apr 2025, 16:46","14 Apr 2025, 17:32","","Sprints",,"Bakke interval",4,"normal",,,,20,
"Bakkeinterval med Loffen","14 Apr 2025, 16:46","14 Apr 2025, 17:32","","Sprints",,"Bakke interval",5,"normal",,,,20,
"Bakkeinterval med Loffen","14 Apr 2025, 16:46","14 Apr 2025, 17:32","","Sprints",,"Bakke interval",6,"normal",,,,20,
"Bakkeinterval med Loffen","14 Apr 2025, 16:46","14 Apr 2025, 17:32","","Sprints",,"Bakke interval",7,"normal",,,,20,
"Bakkeinterval med Loffen","14 Apr 2025, 16:46","14 Apr 2025, 17:32","","Sprints",,"Bakke interval",8,"normal",,,,20,
"Bakkeinterval med Loffen","14 Apr 2025, 16:46","14 Apr 2025, 17:32","","Sprints",,"Bakke interval",9,"normal",,,,20,
"Søndagsmorro","13 Apr 2025, 10:11","13 Apr 2025, 11:29","","Lat Pulldown (Machine)",,"",0,"normal",55,11,,,
"Søndagsmorro","13 Apr 2025, 10:11","13 Apr 2025, 11:29","","Lat Pulldown (Machine)",,"",1,"normal",55,11,,,
"Søndagsmorro","13 Apr 2025, 10:11","13 Apr 2025, 11:29","","Lat Pulldown (Machine)",,"",2,"normal",55,11,,,
"Søndagsmorro","13 Apr 2025, 10:11","13 Apr 2025, 11:29","","T Bar Row",,"",0,"normal",45,8,,,
"Søndagsmorro","13 Apr 2025, 10:11","13 Apr 2025, 11:29","","T Bar Row",,"",1,"normal",45,8,,,
"Søndagsmorro","13 Apr 2025, 10:11","13 Apr 2025, 11:29","","T Bar Row",,"",2,"normal",45,11,,,
"Søndagsmorro","13 Apr 2025, 10:11","13 Apr 2025, 11:29","","Lat Pulldown (Cable)",,"",0,"normal",45,12,,,
"Søndagsmorro","13 Apr 2025, 10:11","13 Apr 2025, 11:29","","Lat Pulldown (Cable)",,"",1,"normal",52,12,,,
"Søndagsmorro","13 Apr 2025, 10:11","13 Apr 2025, 11:29","","Lat Pulldown (Cable)",,"",2,"normal",52,15,,,
"Søndagsmorro","13 Apr 2025, 10:11","13 Apr 2025, 11:29","","Seated Row (Machine)",,"",0,"normal",70,16,,,
"Søndagsmorro","13 Apr 2025, 10:11","13 Apr 2025, 11:29","","Seated Row (Machine)",,"",1,"normal",70,12,,,
"Søndagsmorro","13 Apr 2025, 10:11","13 Apr 2025, 11:29","","Seated Row (Machine)",,"",2,"normal",70,15,,,
"Søndagsmorro","13 Apr 2025, 10:11","13 Apr 2025, 11:29","","Lateral Raise (Machine)",,"",0,"normal",30,12,,,
"Søndagsmorro","13 Apr 2025, 10:11","13 Apr 2025, 11:29","","Lateral Raise (Machine)",,"",1,"normal",30,12,,,
"Søndagsmorro","13 Apr 2025, 10:11","13 Apr 2025, 11:29","","Lateral Raise (Machine)",,"",2,"normal",30,12,,,
"Søndagsmorro","13 Apr 2025, 10:11","13 Apr 2025, 11:29","","Seated Incline Curl (Dumbbell)",,"",0,"normal",10,12,,,
"Søndagsmorro","13 Apr 2025, 10:11","13 Apr 2025, 11:29","","Seated Incline Curl (Dumbbell)",,"",1,"normal",10,12,,,
"Søndagsmorro","13 Apr 2025, 10:11","13 Apr 2025, 11:29","","Seated Incline Curl (Dumbbell)",,"",2,"normal",10,12,,,
"Søndagsmorro","13 Apr 2025, 10:11","13 Apr 2025, 11:29","","Seated Incline Curl (Dumbbell)",,"",3,"normal",11.25,12,,,
"Søndagsmorro","13 Apr 2025, 10:11","13 Apr 2025, 11:29","","Seated Incline Curl (Dumbbell)",,"",4,"normal",11.25,12,,,
"Søndagsmorro","13 Apr 2025, 10:11","13 Apr 2025, 11:29","","Seated Incline Curl (Dumbbell)",,"",5,"normal",11.25,15,,,
"Søndagsmorro","13 Apr 2025, 10:11","13 Apr 2025, 11:29","","Seated Row (Machine)",,"",0,"normal",70,10,,,
"Søndagsmorro","13 Apr 2025, 10:11","13 Apr 2025, 11:29","","Seated Row (Machine)",,"",1,"normal",70,15,,,
"Søndagsmorro","13 Apr 2025, 10:11","13 Apr 2025, 11:29","","Seated Row (Machine)",,"",2,"normal",70,12,,,
"Søndagsmorro","13 Apr 2025, 10:11","13 Apr 2025, 11:29","","Seated Row (Machine)",,"",3,"normal",70,11,,,
"Afternoon workout 💪","9 Apr 2025, 17:45","9 Apr 2025, 18:08","","HIIT",,"",0,"normal",,,,1260,
"Afternoon workout 💪","9 Apr 2025, 17:45","9 Apr 2025, 18:08","","Deadlift (Barbell)",,"",0,"normal",100,8,,,
"Afternoon workout 💪","9 Apr 2025, 17:45","9 Apr 2025, 18:08","","Deadlift (Barbell)",,"",1,"normal",100,8,,,
"Afternoon workout 💪","9 Apr 2025, 17:45","9 Apr 2025, 18:08","","Deadlift (Barbell)",,"",2,"normal",100,8,,,
"Afternoon workout 💪","9 Apr 2025, 17:45","9 Apr 2025, 18:08","","Nordic Hamstrings Curls",,"",0,"normal",,15,,,
"Afternoon workout 💪","9 Apr 2025, 17:45","9 Apr 2025, 18:08","","Nordic Hamstrings Curls",,"",1,"normal",,15,,,
"Afternoon workout 💪","9 Apr 2025, 17:45","9 Apr 2025, 18:08","","Nordic Hamstrings Curls",,"",2,"normal",,15,,,
"Afternoon workout 💪","9 Apr 2025, 17:45","9 Apr 2025, 18:08","","Bicep Curl (Cable)",,"",0,"normal",40,15,,,
"Afternoon workout 💪","9 Apr 2025, 17:45","9 Apr 2025, 18:08","","Bicep Curl (Cable)",,"",1,"normal",40,15,,,
"Afternoon workout 💪","9 Apr 2025, 17:45","9 Apr 2025, 18:08","","Bicep Curl (Cable)",,"",2,"normal",40,15,,,
"Afternoon workout 💪","9 Apr 2025, 17:45","9 Apr 2025, 18:08","","Triceps Rope Pushdown",,"",0,"normal",40,15,,,
"Afternoon workout 💪","9 Apr 2025, 17:45","9 Apr 2025, 18:08","","Triceps Rope Pushdown",,"",1,"normal",40,15,,,
"Afternoon workout 💪","9 Apr 2025, 17:45","9 Apr 2025, 18:08","","Triceps Rope Pushdown",,"",2,"normal",40,15,,,
"Evening workout 🏋️","7 Apr 2025, 16:49","7 Apr 2025, 19:00","","Incline Bench Press (Dumbbell)",,"",0,"normal",18,10,,,
"Evening workout 🏋️","7 Apr 2025, 16:49","7 Apr 2025, 19:00","","Incline Bench Press (Dumbbell)",,"",1,"normal",18,10,,,
"Evening workout 🏋️","7 Apr 2025, 16:49","7 Apr 2025, 19:00","","Incline Bench Press (Dumbbell)",,"",2,"normal",18,10,,,
"Evening workout 🏋️","7 Apr 2025, 16:49","7 Apr 2025, 19:00","","Shoulder Press (Dumbbell)",,"",0,"normal",16,10,,,
"Evening workout 🏋️","7 Apr 2025, 16:49","7 Apr 2025, 19:00","","Shoulder Press (Dumbbell)",,"",1,"normal",16,10,,,
"Evening workout 🏋️","7 Apr 2025, 16:49","7 Apr 2025, 19:00","","Shoulder Press (Dumbbell)",,"",2,"normal",16,10,,,
"Evening workout 🏋️","7 Apr 2025, 16:49","7 Apr 2025, 19:00","","Lateral Prayers",,"",0,"normal",40,15,,,
"Evening workout 🏋️","7 Apr 2025, 16:49","7 Apr 2025, 19:00","","Lateral Prayers",,"",1,"normal",40,15,,,
"Evening workout 🏋️","7 Apr 2025, 16:49","7 Apr 2025, 19:00","","Lateral Prayers",,"",2,"normal",40,15,,,
"Evening workout 🏋️","7 Apr 2025, 16:49","7 Apr 2025, 19:00","","Bench Dip",,"",0,"normal",,10,,,
"Evening workout 🏋️","7 Apr 2025, 16:49","7 Apr 2025, 19:00","","Bench Dip",,"",1,"normal",,10,,,
"Evening workout 🏋️","7 Apr 2025, 16:49","7 Apr 2025, 19:00","","Bench Dip",,"",2,"normal",,10,,,
"Deloade friday","4 Apr 2025, 16:17","4 Apr 2025, 16:45","","HIIT",,"",0,"normal",,,,1260,
"Deloade friday","4 Apr 2025, 16:17","4 Apr 2025, 16:45","","Decline Bench Press (Dumbbell)",,"",0,"normal",10,8,,,
"Deloade friday","4 Apr 2025, 16:17","4 Apr 2025, 16:45","","Decline Bench Press (Dumbbell)",,"",1,"normal",6,10,,,
"Deloade friday","4 Apr 2025, 16:17","4 Apr 2025, 16:45","","Decline Bench Press (Dumbbell)",,"",2,"normal",6,10,,,
"Deloade friday","4 Apr 2025, 16:17","4 Apr 2025, 16:45","","Lateral Raise (Dumbbell)",,"",0,"normal",6,10,,,
"Deloade friday","4 Apr 2025, 16:17","4 Apr 2025, 16:45","","Lateral Raise (Dumbbell)",,"",1,"normal",6,10,,,
"Deloade friday","4 Apr 2025, 16:17","4 Apr 2025, 16:45","","Lateral Raise (Dumbbell)",,"",2,"normal",6,10,,,
"Deloade friday","4 Apr 2025, 16:17","4 Apr 2025, 16:45","","Single Arm Cable Row",,"",0,"normal",40,10,,,
"Deloade friday","4 Apr 2025, 16:17","4 Apr 2025, 16:45","","Single Arm Cable Row",,"",1,"normal",40,12,,,
"Deloade friday","4 Apr 2025, 16:17","4 Apr 2025, 16:45","","Single Arm Cable Row",,"",2,"normal",40,10,,,
"Lets goooo","2 Apr 2025, 16:51","2 Apr 2025, 19:10","","Lat Pulldown (Cable)",,"",0,"normal",80,9,,,
"Lets goooo","2 Apr 2025, 16:51","2 Apr 2025, 19:10","","Lat Pulldown (Cable)",,"",1,"normal",80,9,,,
"Lets goooo","2 Apr 2025, 16:51","2 Apr 2025, 19:10","","Lat Pulldown (Cable)",,"",2,"normal",80,9,,,
"Lets goooo","2 Apr 2025, 16:51","2 Apr 2025, 19:10","","Bicep Curl (Cable)",0,"",0,"normal",60,9,,,
"Lets goooo","2 Apr 2025, 16:51","2 Apr 2025, 19:10","","Bicep Curl (Cable)",0,"",1,"normal",55,13,,,
"Lets goooo","2 Apr 2025, 16:51","2 Apr 2025, 19:10","","Bicep Curl (Cable)",0,"",2,"normal",55,16,,,
"Lets goooo","2 Apr 2025, 16:51","2 Apr 2025, 19:10","","Triceps Pushdown",0,"",0,"normal",95,6,,,
"Lets goooo","2 Apr 2025, 16:51","2 Apr 2025, 19:10","","Triceps Pushdown",0,"",1,"normal",80,12,,,
"Lets goooo","2 Apr 2025, 16:51","2 Apr 2025, 19:10","","Triceps Pushdown",0,"",2,"normal",80,14,,,
"Lets goooo","2 Apr 2025, 16:51","2 Apr 2025, 19:10","","Rear Delt Reverse Fly (Cable)",,"",0,"normal",10,10,,,
"Lets goooo","2 Apr 2025, 16:51","2 Apr 2025, 19:10","","Rear Delt Reverse Fly (Cable)",,"",1,"normal",10,14,,,
"Lets goooo","2 Apr 2025, 16:51","2 Apr 2025, 19:10","","Rear Delt Reverse Fly (Cable)",,"",2,"normal",10,12,,,
"Afternoon workout 💪","1 Apr 2025, 15:37","1 Apr 2025, 16:00","","HIIT",,"",0,"normal",,,,300,
"Afternoon workout 💪","1 Apr 2025, 15:37","1 Apr 2025, 16:00","","Lying Neck Extension (Weighted)",,"Band black front and back",0,"normal",,16,,,
"Afternoon workout 💪","1 Apr 2025, 15:37","1 Apr 2025, 16:00","","Lying Neck Extension (Weighted)",,"Band black front and back",1,"normal",,16,,,
"Afternoon workout 💪","1 Apr 2025, 15:37","1 Apr 2025, 16:00","","Shoulder Press (Dumbbell)",,"",0,"normal",26,8,,,
"Afternoon workout 💪","1 Apr 2025, 15:37","1 Apr 2025, 16:00","","Shoulder Press (Dumbbell)",,"",1,"normal",26,8,,,
"Afternoon workout 💪","1 Apr 2025, 15:37","1 Apr 2025, 16:00","","Dumbbell Row",,"",0,"normal",30,12,,,
"Afternoon workout 💪","1 Apr 2025, 15:37","1 Apr 2025, 16:00","","Dumbbell Row",,"",1,"normal",30,12,,,
"Afternoon workout 💪","1 Apr 2025, 15:37","1 Apr 2025, 16:00","","Dumbbell Row",,"",2,"normal",30,12,,,
"Afternoon workout 💪","1 Apr 2025, 15:37","1 Apr 2025, 16:00","","Dumbbell Row",,"",3,"normal",30,14,,,
"Afternoon workout 💪","1 Apr 2025, 15:37","1 Apr 2025, 16:00","","Plank",,"På ball",0,"normal",,,,60,
"Afternoon workout 💪","1 Apr 2025, 15:37","1 Apr 2025, 16:00","","Plank",,"På ball",1,"normal",,,,60,
"Afternoon workout 💪","1 Apr 2025, 15:37","1 Apr 2025, 16:00","","Plank",,"På ball",2,"normal",,,,60,
"Afternoon workout 💪","31 Mar 2025, 17:13","31 Mar 2025, 18:54","","Bulgarian Split Squat",,"",0,"normal",24,12,,,
"Afternoon workout 💪","31 Mar 2025, 17:13","31 Mar 2025, 18:54","","Bulgarian Split Squat",,"",1,"normal",24,12,,,
"Afternoon workout 💪","31 Mar 2025, 17:13","31 Mar 2025, 18:54","","Bulgarian Split Squat",,"",2,"normal",24,12,,,
"Afternoon workout 💪","31 Mar 2025, 17:13","31 Mar 2025, 18:54","","Arnold Press (Dumbbell)",,"",0,"normal",26,8,,,
"Afternoon workout 💪","31 Mar 2025, 17:13","31 Mar 2025, 18:54","","Arnold Press (Dumbbell)",,"",1,"normal",26,8,,,
"Afternoon workout 💪","31 Mar 2025, 17:13","31 Mar 2025, 18:54","","Arnold Press (Dumbbell)",,"",2,"normal",26,8,,,
"Afternoon workout 💪","31 Mar 2025, 17:13","31 Mar 2025, 18:54","","Bench Press (Dumbbell)",,"",0,"normal",60,13,,,
"Afternoon workout 💪","31 Mar 2025, 17:13","31 Mar 2025, 18:54","","Bench Press (Dumbbell)",,"",1,"normal",65,12,,,
"Afternoon workout 💪","31 Mar 2025, 17:13","31 Mar 2025, 18:54","","Bench Press (Dumbbell)",,"",2,"normal",65,12,,,
"Afternoon workout 💪","28 Mar 2025, 16:11","28 Mar 2025, 16:47","","HIIT",,"",0,"normal",,,,420,
"Afternoon workout 💪","28 Mar 2025, 16:11","28 Mar 2025, 16:47","","Romanian Deadlift (Barbell)",,"",0,"normal",70,8,,,
"Afternoon workout 💪","28 Mar 2025, 16:11","28 Mar 2025, 16:47","","Romanian Deadlift (Barbell)",,"",1,"normal",70,8,,,
"Afternoon workout 💪","28 Mar 2025, 16:11","28 Mar 2025, 16:47","","Romanian Deadlift (Barbell)",,"",2,"normal",70,8,,,
"Afternoon workout 💪","28 Mar 2025, 16:11","28 Mar 2025, 16:47","","Incline Bench Press (Dumbbell)",,"With DB",0,"normal",30,7,,,
"Afternoon workout 💪","28 Mar 2025, 16:11","28 Mar 2025, 16:47","","Incline Bench Press (Dumbbell)",,"With DB",1,"normal",30,8,,,
"Afternoon workout 💪","28 Mar 2025, 16:11","28 Mar 2025, 16:47","","Incline Bench Press (Dumbbell)",,"With DB",2,"normal",30,9,,,
"Afternoon workout 💪","26 Mar 2025, 16:55","26 Mar 2025, 17:46","","HIIT",,"",0,"normal",,,,1260,
"Afternoon workout 💪","26 Mar 2025, 16:55","26 Mar 2025, 17:46","","Arnold Press (Dumbbell)",,"",0,"normal",22,13,,,
"Afternoon workout 💪","26 Mar 2025, 16:55","26 Mar 2025, 17:46","","Arnold Press (Dumbbell)",,"",1,"normal",24,9,,,
"Afternoon workout 💪","26 Mar 2025, 16:55","26 Mar 2025, 17:46","","Arnold Press (Dumbbell)",,"",2,"normal",26,8,,,
"Afternoon workout 💪","26 Mar 2025, 16:55","26 Mar 2025, 17:46","","Lat Pulldown (Cable)",,"",0,"normal",80,6,,,
"Afternoon workout 💪","26 Mar 2025, 16:55","26 Mar 2025, 17:46","","Lat Pulldown (Cable)",,"",1,"normal",75,8,,,
"Afternoon workout 💪","26 Mar 2025, 16:55","26 Mar 2025, 17:46","","Lat Pulldown (Cable)",,"",2,"normal",75,8,,,
"Afternoon workout 💪","26 Mar 2025, 16:55","26 Mar 2025, 17:46","","Bicep Curl (Cable)",0,"",0,"normal",55,15,,,
"Afternoon workout 💪","26 Mar 2025, 16:55","26 Mar 2025, 17:46","","Bicep Curl (Cable)",0,"",1,"normal",60,11,,,
"Afternoon workout 💪","26 Mar 2025, 16:55","26 Mar 2025, 17:46","","Bicep Curl (Cable)",0,"",2,"normal",60,12,,,
"Afternoon workout 💪","26 Mar 2025, 16:55","26 Mar 2025, 17:46","","Triceps Rope Pushdown",0,"",0,"normal",50,15,,,
"Afternoon workout 💪","26 Mar 2025, 16:55","26 Mar 2025, 17:46","","Triceps Rope Pushdown",0,"",1,"normal",60,11,,,
"Afternoon workout 💪","26 Mar 2025, 16:55","26 Mar 2025, 17:46","","Triceps Rope Pushdown",0,"",2,"normal",60,12,,,
"Afternoon workout 💪","24 Mar 2025, 16:51","24 Mar 2025, 17:57","","HIIT",,"",0,"normal",,,,1260,
"Afternoon workout 💪","24 Mar 2025, 16:51","24 Mar 2025, 17:57","","Bulgarian Split Squat",,"",0,"normal",24,8,,,
"Afternoon workout 💪","24 Mar 2025, 16:51","24 Mar 2025, 17:57","","Bulgarian Split Squat",,"",1,"normal",24,12,,,
"Afternoon workout 💪","24 Mar 2025, 16:51","24 Mar 2025, 17:57","","Bulgarian Split Squat",,"",2,"normal",24,8,,,
"Afternoon workout 💪","24 Mar 2025, 16:51","24 Mar 2025, 17:57","","Single Arm Cable Row",,"",0,"normal",65,10,,,
"Afternoon workout 💪","24 Mar 2025, 16:51","24 Mar 2025, 17:57","","Single Arm Cable Row",,"",1,"normal",65,12,,,
"Afternoon workout 💪","24 Mar 2025, 16:51","24 Mar 2025, 17:57","","Single Arm Cable Row",,"",2,"normal",65,10,,,
"Afternoon workout 💪","24 Mar 2025, 16:51","24 Mar 2025, 17:57","","Shoulder Press (Dumbbell)",,"",0,"normal",24,9,,,
"Afternoon workout 💪","24 Mar 2025, 16:51","24 Mar 2025, 17:57","","Shoulder Press (Dumbbell)",,"",1,"normal",24,10,,,
"Afternoon workout 💪","24 Mar 2025, 16:51","24 Mar 2025, 17:57","","Shoulder Press (Dumbbell)",,"",2,"normal",24,9,,,
"Afternoon workout 💪","20 Mar 2025, 17:42","20 Mar 2025, 18:12","","HIIT",,"",0,"normal",,,,1260,
"Afternoon workout 💪","20 Mar 2025, 17:42","20 Mar 2025, 18:12","","Belt Squats",,"",0,"normal",100,15,,,
"Afternoon workout 💪","20 Mar 2025, 17:42","20 Mar 2025, 18:12","","Belt Squats",,"",1,"normal",100,15,,,
"Afternoon workout 💪","20 Mar 2025, 17:42","20 Mar 2025, 18:12","","Belt Squats",,"",2,"normal",100,15,,,
"Afternoon workout 💪","20 Mar 2025, 17:42","20 Mar 2025, 18:12","","Flex Rows",,"",0,"normal",60,10,,,
"Afternoon workout 💪","20 Mar 2025, 17:42","20 Mar 2025, 18:12","","Flex Rows",,"",1,"normal",60,10,,,
"Afternoon workout 💪","20 Mar 2025, 17:42","20 Mar 2025, 18:12","","Flex Rows",,"",2,"normal",60,10,,,
"Afternoon workout 💪","20 Mar 2025, 17:42","20 Mar 2025, 18:12","","Seated Chest Flys (Cable)",,"",0,"normal",25,12,,,
"Afternoon workout 💪","20 Mar 2025, 17:42","20 Mar 2025, 18:12","","Seated Chest Flys (Cable)",,"",1,"normal",25,14,,,
"Afternoon workout 💪","20 Mar 2025, 17:42","20 Mar 2025, 18:12","","Seated Chest Flys (Cable)",,"",2,"normal",25,17,,,
"FunDay","19 Mar 2025, 17:55","19 Mar 2025, 17:56","","Seated Incline Curl (Dumbbell)",,"",0,"normal",25,13,,,
"FunDay","19 Mar 2025, 17:55","19 Mar 2025, 17:56","","Seated Incline Curl (Dumbbell)",,"",1,"normal",25,13,,,
"FunDay","19 Mar 2025, 17:55","19 Mar 2025, 17:56","","Seated Incline Curl (Dumbbell)",,"",2,"normal",20,15,,,
"FunDay","19 Mar 2025, 17:55","19 Mar 2025, 17:56","","Triceps Pushdown",,"",0,"normal",90,13,,,
"FunDay","19 Mar 2025, 17:55","19 Mar 2025, 17:56","","Triceps Pushdown",,"",1,"normal",95,12,,,
"FunDay","19 Mar 2025, 17:55","19 Mar 2025, 17:56","","Triceps Pushdown",,"",2,"normal",95,10,,,
"FunDay","19 Mar 2025, 17:55","19 Mar 2025, 17:56","","Triceps Pushdown",,"",3,"normal",95,10,,,
"FunDay","19 Mar 2025, 17:55","19 Mar 2025, 17:56","","Cross Body Hammer Curl",,"",0,"normal",14,14,,,
"FunDay","19 Mar 2025, 17:55","19 Mar 2025, 17:56","","Cross Body Hammer Curl",,"",1,"normal",14,14,,,
"FunDay","19 Mar 2025, 17:55","19 Mar 2025, 17:56","","Cross Body Hammer Curl",,"",2,"normal",14,12,,,
"FunDay","19 Mar 2025, 17:55","19 Mar 2025, 17:56","","Lateral Prayers",,"",0,"normal",55,14,,,
"FunDay","19 Mar 2025, 17:55","19 Mar 2025, 17:56","","Lateral Prayers",,"",1,"normal",55,12,,,
"FunDay","19 Mar 2025, 17:55","19 Mar 2025, 17:56","","Lateral Prayers",,"",2,"normal",55,10,,,
"FunDay","19 Mar 2025, 17:55","19 Mar 2025, 17:56","","Lateral Prayers",,"",3,"normal",55,10,,,
"Mandag Kardio","17 Mar 2025, 16:56","17 Mar 2025, 17:53","","HIIT",,"",0,"normal",,,,1260,
"Mandag Kardio","17 Mar 2025, 16:56","17 Mar 2025, 17:53","","Incline Bench Press (Dumbbell)",,"",0,"normal",55,10,,,
"Mandag Kardio","17 Mar 2025, 16:56","17 Mar 2025, 17:53","","Incline Bench Press (Dumbbell)",,"",1,"normal",55,11,,,
"Mandag Kardio","17 Mar 2025, 16:56","17 Mar 2025, 17:53","","Incline Bench Press (Dumbbell)",,"",2,"normal",55,10,,,
"Mandag Kardio","17 Mar 2025, 16:56","17 Mar 2025, 17:53","","Single Arm Cable Row",,"",0,"normal",65,10,,,
"Mandag Kardio","17 Mar 2025, 16:56","17 Mar 2025, 17:53","","Single Arm Cable Row",,"",1,"normal",65,11,,,
"Mandag Kardio","17 Mar 2025, 16:56","17 Mar 2025, 17:53","","Single Arm Cable Row",,"",2,"normal",65,10,,,
"Leg destruction","14 Mar 2025, 16:31","14 Mar 2025, 16:47","","HIIT",,"",0,"normal",,,,600,
"Leg destruction","14 Mar 2025, 16:31","14 Mar 2025, 16:47","","Romanian Deadlift (Barbell)",,"",0,"normal",70,8,,,
"Leg destruction","14 Mar 2025, 16:31","14 Mar 2025, 16:47","","Romanian Deadlift (Barbell)",,"",1,"normal",70,8,,,
"Leg destruction","14 Mar 2025, 16:31","14 Mar 2025, 16:47","","Romanian Deadlift (Barbell)",,"",2,"normal",70,8,,,
"Leg destruction","14 Mar 2025, 16:31","14 Mar 2025, 16:47","","Squat (Barbell)",,"",0,"normal",90,26,,,
"Leg destruction","14 Mar 2025, 16:31","14 Mar 2025, 16:47","","Squat (Barbell)",,"",1,"normal",90,30,,,
"Leg destruction","14 Mar 2025, 16:31","14 Mar 2025, 16:47","","Squat (Barbell)",,"",2,"normal",90,30,,,
"Leg destruction","14 Mar 2025, 16:31","14 Mar 2025, 16:47","","Squat (Bodyweight)",,"",0,"normal",,14,,,
"Shoulder day and HIIT","12 Mar 2025, 17:07","12 Mar 2025, 18:04","","HIIT",,"",0,"normal",,,,1260,
"Shoulder day and HIIT","12 Mar 2025, 17:07","12 Mar 2025, 18:04","","Lateral Raise (Dumbbell)",,"",0,"normal",6,15,,,
"Shoulder day and HIIT","12 Mar 2025, 17:07","12 Mar 2025, 18:04","","Lateral Raise (Dumbbell)",,"",1,"normal",6,14,,,
"Shoulder day and HIIT","12 Mar 2025, 17:07","12 Mar 2025, 18:04","","Lateral Raise (Dumbbell)",,"",2,"normal",6,15,,,
"Shoulder day and HIIT","12 Mar 2025, 17:07","12 Mar 2025, 18:04","","Rear Delt Reverse Fly (Cable)",,"",0,"normal",10,10,,,
"Shoulder day and HIIT","12 Mar 2025, 17:07","12 Mar 2025, 18:04","","Rear Delt Reverse Fly (Cable)",,"",1,"normal",10,10,,,
"Shoulder day and HIIT","12 Mar 2025, 17:07","12 Mar 2025, 18:04","","Rear Delt Reverse Fly (Cable)",,"",2,"normal",10,11,,,
"Shoulder day and HIIT","12 Mar 2025, 17:07","12 Mar 2025, 18:04","","Shoulder Press (Dumbbell)",,"",0,"normal",24,7,,,
"Shoulder day and HIIT","12 Mar 2025, 17:07","12 Mar 2025, 18:04","","Shoulder Press (Dumbbell)",,"",1,"normal",22,8,,,
"Shoulder day and HIIT","12 Mar 2025, 17:07","12 Mar 2025, 18:04","","Shoulder Press (Dumbbell)",,"",2,"normal",20,10,,,
"Shoulder day and HIIT","12 Mar 2025, 17:07","12 Mar 2025, 18:04","","Shoulder Press (Dumbbell)",,"",3,"normal",22,9,,,
"Mandag Kardio","10 Mar 2025, 16:18","10 Mar 2025, 19:07","","HIIT",,"",0,"normal",,,,1260,
"Mandag Kardio","10 Mar 2025, 16:18","10 Mar 2025, 19:07","","Incline Bench Press (Dumbbell)",,"",0,"normal",55,12,,,
"Mandag Kardio","10 Mar 2025, 16:18","10 Mar 2025, 19:07","","Incline Bench Press (Dumbbell)",,"",1,"normal",55,10,,,
"Mandag Kardio","10 Mar 2025, 16:18","10 Mar 2025, 19:07","","Incline Bench Press (Dumbbell)",,"",2,"normal",55,11,,,
"Mandag Kardio","10 Mar 2025, 16:18","10 Mar 2025, 19:07","","Single Arm Cable Row",,"",0,"normal",60,12,,,
"Mandag Kardio","10 Mar 2025, 16:18","10 Mar 2025, 19:07","","Single Arm Cable Row",,"",1,"normal",60,12,,,
"Mandag Kardio","10 Mar 2025, 16:18","10 Mar 2025, 19:07","","Single Arm Cable Row",,"",2,"normal",60,14,,,
"Mandag Kardio","10 Mar 2025, 16:18","10 Mar 2025, 19:07","","Cycling",,"",0,"normal",,,12,2400,
"Mandag Kardio","10 Mar 2025, 16:18","10 Mar 2025, 19:07","","Cycling",,"",1,"normal",,,12,2700,
"Onsdags kardio","5 Mar 2025, 16:58","5 Mar 2025, 17:40","","Seated Chest Flys (Cable)",,"",0,"normal",25,12,,,
"Onsdags kardio","5 Mar 2025, 16:58","5 Mar 2025, 17:40","","Seated Chest Flys (Cable)",,"",1,"normal",25,12,,,
"Onsdags kardio","5 Mar 2025, 16:58","5 Mar 2025, 17:40","","Seated Chest Flys (Cable)",,"",2,"normal",25,15,,,
"Onsdags kardio","5 Mar 2025, 16:58","5 Mar 2025, 17:40","","Deadlift (Barbell)",,"",0,"normal",130,5,,,
"Onsdags kardio","5 Mar 2025, 16:58","5 Mar 2025, 17:40","","Deadlift (Barbell)",,"",1,"normal",130,4,,,
"Onsdags kardio","5 Mar 2025, 16:58","5 Mar 2025, 17:40","","Split Squat (Dumbbell)",,"",0,"normal",,10,,,
"Onsdags kardio","5 Mar 2025, 16:58","5 Mar 2025, 17:40","","Split Squat (Dumbbell)",,"",1,"normal",,10,,,
"Onsdags kardio","5 Mar 2025, 16:58","5 Mar 2025, 17:40","","Split Squat (Dumbbell)",,"",2,"normal",,10,,,
"Mandag Kardio","3 Mar 2025, 16:58","3 Mar 2025, 18:02","","HIIT",,"",0,"normal",,,,1260,
"Mandag Kardio","3 Mar 2025, 16:58","3 Mar 2025, 18:02","","Incline Bench Press (Dumbbell)",,"",0,"normal",50,15,,,
"Mandag Kardio","3 Mar 2025, 16:58","3 Mar 2025, 18:02","","Incline Bench Press (Dumbbell)",,"",1,"normal",55,10,,,
"Mandag Kardio","3 Mar 2025, 16:58","3 Mar 2025, 18:02","","Incline Bench Press (Dumbbell)",,"",2,"normal",55,11,,,
"Mandag Kardio","3 Mar 2025, 16:58","3 Mar 2025, 18:02","","Single Arm Cable Row",,"",0,"normal",55,13,,,
"Mandag Kardio","3 Mar 2025, 16:58","3 Mar 2025, 18:02","","Single Arm Cable Row",,"",1,"normal",60,10,,,
"Mandag Kardio","3 Mar 2025, 16:58","3 Mar 2025, 18:02","","Single Arm Cable Row",,"",2,"normal",60,15,,,
"Mandag Kardio","3 Mar 2025, 16:58","3 Mar 2025, 18:02","","Bulgarian Split Squat",,"",0,"normal",24,8,,,
"Mandag Kardio","3 Mar 2025, 16:58","3 Mar 2025, 18:02","","Bulgarian Split Squat",,"",1,"normal",24,12,,,
"Mandag Kardio","3 Mar 2025, 16:58","3 Mar 2025, 18:02","","Bulgarian Split Squat",,"",2,"normal",24,8,,,
"Onsdags kardio","25 Feb 2025, 16:50","25 Feb 2025, 17:40","","HIIT",,"",0,"normal",,,,600,
"Onsdags kardio","25 Feb 2025, 16:50","25 Feb 2025, 17:40","","Lateral Raise (Cable)",,"",0,"normal",15,15,,,
"Onsdags kardio","25 Feb 2025, 16:50","25 Feb 2025, 17:40","","Lateral Raise (Cable)",,"",1,"normal",15,9,,,
"Onsdags kardio","25 Feb 2025, 16:50","25 Feb 2025, 17:40","","Lateral Raise (Cable)",,"",2,"normal",10,12,,,
"Onsdags kardio","25 Feb 2025, 16:50","25 Feb 2025, 17:40","","Straight Arm Lat Pulldown (Cable)",,"",0,"normal",30,8,,,
"Onsdags kardio","25 Feb 2025, 16:50","25 Feb 2025, 17:40","","Straight Arm Lat Pulldown (Cable)",,"",1,"normal",25,12,,,
"Onsdags kardio","25 Feb 2025, 16:50","25 Feb 2025, 17:40","","Straight Arm Lat Pulldown (Cable)",,"",2,"normal",25,20,,,
"Onsdags kardio","25 Feb 2025, 16:50","25 Feb 2025, 17:40","","Rear Delt Reverse Fly (Cable)",,"",0,"normal",10,10,,,
"Onsdags kardio","25 Feb 2025, 16:50","25 Feb 2025, 17:40","","Rear Delt Reverse Fly (Cable)",,"",1,"normal",10,10,,,
"Onsdags kardio","25 Feb 2025, 16:50","25 Feb 2025, 17:40","","Rear Delt Reverse Fly (Cable)",,"",2,"normal",10,9,,,
"Mandag Kardio","24 Feb 2025, 17:07","24 Feb 2025, 17:50","","HIIT",,"",0,"normal",,,,600,
"Mandag Kardio","24 Feb 2025, 17:07","24 Feb 2025, 17:50","","Seated Chest Flys (Cable)",,"",0,"normal",25,10,,,
"Mandag Kardio","24 Feb 2025, 17:07","24 Feb 2025, 17:50","","Seated Chest Flys (Cable)",,"",1,"normal",20,15,,,
"Mandag Kardio","24 Feb 2025, 17:07","24 Feb 2025, 17:50","","Seated Chest Flys (Cable)",,"",2,"normal",20,12,,,
"Mandag Kardio","24 Feb 2025, 17:07","24 Feb 2025, 17:50","","Single Arm Cable Row",,"",0,"normal",70,15,,,
"Mandag Kardio","24 Feb 2025, 17:07","24 Feb 2025, 17:50","","Single Arm Cable Row",,"",1,"normal",80,15,,,
"Mandag Kardio","24 Feb 2025, 17:07","24 Feb 2025, 17:50","","Single Arm Cable Row",,"",2,"normal",80,13,,,
"Mandag Kardio","24 Feb 2025, 17:07","24 Feb 2025, 17:50","","Bulgarian Split Squat",,"",0,"normal",24,8,,,
"Mandag Kardio","24 Feb 2025, 17:07","24 Feb 2025, 17:50","","Bulgarian Split Squat",,"",1,"normal",24,8,,,
"Mandag Kardio","24 Feb 2025, 17:07","24 Feb 2025, 17:50","","Bulgarian Split Squat",,"",2,"normal",24,8,,,
"Mandag Kardio","10 Feb 2025, 16:50","10 Feb 2025, 18:39","","HIIT",,"",0,"normal",,,,480,
"Mandag Kardio","10 Feb 2025, 16:50","10 Feb 2025, 18:39","","Seated Chest Flys (Cable)",,"",0,"normal",25,10,,,
"Mandag Kardio","10 Feb 2025, 16:50","10 Feb 2025, 18:39","","Seated Chest Flys (Cable)",,"",1,"normal",20,12,,,
"Mandag Kardio","10 Feb 2025, 16:50","10 Feb 2025, 18:39","","Seated Chest Flys (Cable)",,"",2,"normal",20,12,,,
"Mandag Kardio","10 Feb 2025, 16:50","10 Feb 2025, 18:39","","Single Arm Cable Row",,"",0,"normal",70,12,,,
"Mandag Kardio","10 Feb 2025, 16:50","10 Feb 2025, 18:39","","Single Arm Cable Row",,"",1,"normal",70,12,,,
"Mandag Kardio","10 Feb 2025, 16:50","10 Feb 2025, 18:39","","Single Arm Cable Row",,"",2,"normal",70,12,,,
"Onsdags kardio","5 Feb 2025, 17:06","5 Feb 2025, 17:53","","Treadmill",,"",0,"normal",,,4,1800,
"Onsdags kardio","5 Feb 2025, 17:06","5 Feb 2025, 17:53","","Romanian Deadlift (Barbell)",,"",0,"normal",60,8,,,
"Onsdags kardio","5 Feb 2025, 17:06","5 Feb 2025, 17:53","","Romanian Deadlift (Barbell)",,"",1,"normal",60,8,,,
"Onsdags kardio","5 Feb 2025, 17:06","5 Feb 2025, 17:53","","Romanian Deadlift (Barbell)",,"",2,"normal",60,8,,,
"Onsdags kardio","5 Feb 2025, 17:06","5 Feb 2025, 17:53","","Seated Chest Flys (Cable)",,"2 pars.",0,"normal",20,12,,,
"Onsdags kardio","5 Feb 2025, 17:06","5 Feb 2025, 17:53","","Seated Chest Flys (Cable)",,"2 pars.",1,"normal",20,13,,,
"Onsdags kardio","5 Feb 2025, 17:06","5 Feb 2025, 17:53","","Seated Chest Flys (Cable)",,"2 pars.",2,"normal",20,11,,,
"Mandag Kardio","3 Feb 2025, 16:59","3 Feb 2025, 18:08","","Treadmill",,"",0,"normal",,,4,1800,
"Mandag Kardio","3 Feb 2025, 16:59","3 Feb 2025, 18:08","","Incline Bench Press (Dumbbell)",,"",0,"normal",45,15,,,
"Mandag Kardio","3 Feb 2025, 16:59","3 Feb 2025, 18:08","","Incline Bench Press (Dumbbell)",,"",1,"normal",45,15,,,
"Mandag Kardio","3 Feb 2025, 16:59","3 Feb 2025, 18:08","","Incline Bench Press (Dumbbell)",,"",2,"normal",45,15,,,
"Mandag Kardio","3 Feb 2025, 16:59","3 Feb 2025, 18:08","","Single Arm Cable Row",,"",0,"normal",50,12,,,
"Mandag Kardio","3 Feb 2025, 16:59","3 Feb 2025, 18:08","","Single Arm Cable Row",,"",1,"normal",50,15,,,
"Mandag Kardio","3 Feb 2025, 16:59","3 Feb 2025, 18:08","","Single Arm Cable Row",,"",2,"normal",55,12,,,
"Afternoon workout 💪","31 Jan 2025, 17:02","31 Jan 2025, 17:54","","HIIT",,"",0,"normal",,,,480,
"Afternoon workout 💪","31 Jan 2025, 17:02","31 Jan 2025, 17:54","","Bicep Curl (Cable)",,"",0,"normal",20,15,,,
"Afternoon workout 💪","31 Jan 2025, 17:02","31 Jan 2025, 17:54","","Bicep Curl (Cable)",,"",1,"normal",20,20,,,
"Afternoon workout 💪","31 Jan 2025, 17:02","31 Jan 2025, 17:54","","Bicep Curl (Cable)",,"",2,"normal",20,20,,,
"Afternoon workout 💪","31 Jan 2025, 17:02","31 Jan 2025, 17:54","","Triceps Pushdown",,"",0,"normal",40,15,,,
"Afternoon workout 💪","31 Jan 2025, 17:02","31 Jan 2025, 17:54","","Triceps Pushdown",,"",1,"normal",40,15,,,
"Afternoon workout 💪","31 Jan 2025, 17:02","31 Jan 2025, 17:54","","Triceps Pushdown",,"",2,"normal",40,15,,,
"Afternoon workout 💪","27 Jan 2025, 16:58","27 Jan 2025, 17:54","","HIIT",,"",0,"normal",,,,420,
"Afternoon workout 💪","27 Jan 2025, 16:58","27 Jan 2025, 17:54","","Seated Chest Flys (Cable)",,"",0,"normal",20,12,,,
"Afternoon workout 💪","27 Jan 2025, 16:58","27 Jan 2025, 17:54","","Seated Chest Flys (Cable)",,"",1,"normal",20,12,,,
"Afternoon workout 💪","27 Jan 2025, 16:58","27 Jan 2025, 17:54","","Bicep Curl (Cable)",,"",0,"normal",20,15,,,
"Afternoon workout 💪","27 Jan 2025, 16:58","27 Jan 2025, 17:54","","Bicep Curl (Cable)",,"",1,"normal",20,15,,,
"Afternoon workout 💪","27 Jan 2025, 16:58","27 Jan 2025, 17:54","","Bicep Curl (Cable)",,"",2,"normal",20,15,,,
"Afternoon workout 💪","27 Jan 2025, 16:58","27 Jan 2025, 17:54","","Triceps Pushdown",,"",0,"normal",35,12,,,
"Afternoon workout 💪","27 Jan 2025, 16:58","27 Jan 2025, 17:54","","Triceps Pushdown",,"",1,"normal",40,12,,,
"Afternoon workout 💪","27 Jan 2025, 16:58","27 Jan 2025, 17:54","","Triceps Pushdown",,"",2,"normal",40,12,,,
"Afternoon workout 💪","24 Jan 2025, 16:13","24 Jan 2025, 17:00","","HIIT",,"",0,"normal",,,,360,
"Afternoon workout 💪","24 Jan 2025, 16:13","24 Jan 2025, 17:00","","HIIT",,"",1,"normal",,,,360,
"Afternoon workout 💪","24 Jan 2025, 16:13","24 Jan 2025, 17:00","","HIIT",,"",2,"normal",,,,360,
"Afternoon workout 💪","24 Jan 2025, 16:13","24 Jan 2025, 17:00","","Bicep Curl (Cable)",,"",0,"normal",20,15,,,
"Afternoon workout 💪","24 Jan 2025, 16:13","24 Jan 2025, 17:00","","Bicep Curl (Cable)",,"",1,"normal",20,15,,,
"Afternoon workout 💪","24 Jan 2025, 16:13","24 Jan 2025, 17:00","","Bicep Curl (Cable)",,"",2,"normal",20,17,,,
"Afternoon workout 💪","24 Jan 2025, 16:13","24 Jan 2025, 17:00","","Single Arm Cable Row",,"",0,"normal",60,13,,,
"Afternoon workout 💪","24 Jan 2025, 16:13","24 Jan 2025, 17:00","","Single Arm Cable Row",,"",1,"normal",60,12,,,
"Afternoon workout 💪","24 Jan 2025, 16:13","24 Jan 2025, 17:00","","Single Arm Cable Row",,"",2,"normal",60,12,,,
"Fuck legs","22 Jan 2025, 17:23","22 Jan 2025, 17:54","","HIIT",,"",0,"normal",,,,1800,
"Fuck legs","22 Jan 2025, 17:23","22 Jan 2025, 17:54","","Romanian Deadlift (Barbell)",,"",0,"normal",60,8,,,
"Fuck legs","22 Jan 2025, 17:23","22 Jan 2025, 17:54","","Romanian Deadlift (Barbell)",,"",1,"normal",60,8,,,
"Fuck legs","22 Jan 2025, 17:23","22 Jan 2025, 17:54","","Romanian Deadlift (Barbell)",,"",2,"normal",60,8,,,
"Fuck legs","22 Jan 2025, 17:23","22 Jan 2025, 17:54","","Belt Squats",,"",0,"normal",70,18,,,
"Fuck legs","22 Jan 2025, 17:23","22 Jan 2025, 17:54","","Belt Squats",,"",1,"normal",70,18,,,
"Fuck legs","22 Jan 2025, 17:23","22 Jan 2025, 17:54","","Belt Squats",,"",2,"normal",70,23,,,
"Fuck legs","22 Jan 2025, 17:23","22 Jan 2025, 17:54","","Squat (Bodyweight)",,"",0,"normal",,23,,,
"Mandag Kardio","20 Jan 2025, 17:18","20 Jan 2025, 18:06","","Treadmill",,"",0,"normal",,,4,1800,
"Mandag Kardio","20 Jan 2025, 17:18","20 Jan 2025, 18:06","","Incline Bench Press (Dumbbell)",,"",0,"normal",45,12,,,
"Mandag Kardio","20 Jan 2025, 17:18","20 Jan 2025, 18:06","","Incline Bench Press (Dumbbell)",,"",1,"normal",45,12,,,
"Mandag Kardio","20 Jan 2025, 17:18","20 Jan 2025, 18:06","","Incline Bench Press (Dumbbell)",,"",2,"normal",45,12,,,
"Mandag Kardio","20 Jan 2025, 17:18","20 Jan 2025, 18:06","","Single Arm Cable Row",,"",0,"normal",50,13,,,
"Mandag Kardio","20 Jan 2025, 17:18","20 Jan 2025, 18:06","","Single Arm Cable Row",,"",1,"normal",55,12,,,
"Mandag Kardio","20 Jan 2025, 17:18","20 Jan 2025, 18:06","","Single Arm Cable Row",,"",2,"normal",55,12,,,
"Mandag Kardio","20 Jan 2025, 17:18","20 Jan 2025, 18:06","","Landmine Squat and Press",,"",0,"normal",65,12,,,
"Mandag Kardio","20 Jan 2025, 17:18","20 Jan 2025, 18:06","","Landmine Squat and Press",,"",1,"normal",80,17,,,
"Fredag cardio","17 Jan 2025, 18:09","17 Jan 2025, 19:05","","Treadmill",,"",0,"normal",,,2.24,900,
"Fredag cardio","17 Jan 2025, 18:09","17 Jan 2025, 19:05","","Treadmill",,"",1,"normal",,,2.24,900,
"Fredag cardio","17 Jan 2025, 18:09","17 Jan 2025, 19:05","","Pull Up",,"",0,"normal",,6,,,
"Fredag cardio","17 Jan 2025, 18:09","17 Jan 2025, 19:05","","Pull Up",,"",1,"normal",,6,,,
"Fredag cardio","17 Jan 2025, 18:09","17 Jan 2025, 19:05","","Pull Up",,"",2,"normal",,6,,,
"Fredag cardio","17 Jan 2025, 18:09","17 Jan 2025, 19:05","","Bulgarian Split Squat",,"",0,"normal",55,7,,,
"Fredag cardio","17 Jan 2025, 18:09","17 Jan 2025, 19:05","","Bulgarian Split Squat",,"",1,"normal",55,7,,,
"Fredag cardio","17 Jan 2025, 18:09","17 Jan 2025, 19:05","","Bulgarian Split Squat",,"",2,"normal",55,7,,,
"Fredag cardio","17 Jan 2025, 18:09","17 Jan 2025, 19:05","","Stretching",,"",0,"normal",,,,1200,
"Fredag cardio","17 Jan 2025, 18:09","17 Jan 2025, 19:05","","Plank",,"",0,"normal",,,,45,
"Fredag cardio","17 Jan 2025, 18:09","17 Jan 2025, 19:05","","Plank",,"",1,"normal",,,,45,
"Fredag cardio","17 Jan 2025, 18:09","17 Jan 2025, 19:05","","Plank",,"",2,"normal",,,,45,
"Fredag cardio","17 Jan 2025, 18:09","17 Jan 2025, 19:05","","Plank",,"",3,"normal",,,,45,
"Fredag cardio","17 Jan 2025, 18:09","17 Jan 2025, 19:05","","Plank",,"",4,"normal",,,,45,
"Fredag cardio","17 Jan 2025, 18:09","17 Jan 2025, 19:05","","Plank",,"",5,"normal",,,,45,
"Fredag cardio","17 Jan 2025, 18:09","17 Jan 2025, 19:05","","Plank",,"",6,"normal",,,,45,
"Fredag cardio","17 Jan 2025, 18:09","17 Jan 2025, 19:05","","Plank",,"",7,"normal",,,,45,
"Fredag cardio","17 Jan 2025, 18:09","17 Jan 2025, 19:05","","Burpee",,"",0,"normal",,10,,,
"Fredag cardio","17 Jan 2025, 18:09","17 Jan 2025, 19:05","","Burpee",,"",1,"normal",,9,,,
"Fredag cardio","17 Jan 2025, 18:09","17 Jan 2025, 19:05","","Burpee",,"",2,"normal",,9,,,
"Fredag cardio","17 Jan 2025, 18:09","17 Jan 2025, 19:05","","Burpee",,"",3,"normal",,7,,,
"Fredag cardio","17 Jan 2025, 18:09","17 Jan 2025, 19:05","","Burpee",,"",4,"normal",,7,,,
"Afternoon workout 💪","15 Jan 2025, 18:30","15 Jan 2025, 19:03","","HIIT",,"",0,"normal",,,,360,
"Afternoon workout 💪","15 Jan 2025, 18:30","15 Jan 2025, 19:03","","HIIT",,"",1,"normal",,,,360,
"Afternoon workout 💪","15 Jan 2025, 18:30","15 Jan 2025, 19:03","","HIIT",,"",2,"normal",,,,360,
"Afternoon workout 💪","15 Jan 2025, 18:30","15 Jan 2025, 19:03","","Romanian Deadlift (Barbell)",,"",0,"normal",40,8,,,
"Afternoon workout 💪","15 Jan 2025, 18:30","15 Jan 2025, 19:03","","Romanian Deadlift (Barbell)",,"",1,"normal",40,8,,,
"Afternoon workout 💪","15 Jan 2025, 18:30","15 Jan 2025, 19:03","","Romanian Deadlift (Barbell)",,"",2,"normal",40,8,,,
"Afternoon workout 💪","15 Jan 2025, 18:30","15 Jan 2025, 19:03","","Bicep Curl (Cable)",,"",0,"normal",20,12,,,
"Afternoon workout 💪","15 Jan 2025, 18:30","15 Jan 2025, 19:03","","Bicep Curl (Cable)",,"",1,"normal",20,12,,,
"Afternoon workout 💪","15 Jan 2025, 18:30","15 Jan 2025, 19:03","","Bicep Curl (Cable)",,"",2,"normal",20,12,,,
"Afternoon workout 💪","15 Jan 2025, 18:30","15 Jan 2025, 19:03","","Triceps Pushdown",,"",0,"normal",40,12,,,
"Afternoon workout 💪","15 Jan 2025, 18:30","15 Jan 2025, 19:03","","Triceps Pushdown",,"",1,"normal",40,12,,,
"Afternoon workout 💪","15 Jan 2025, 18:30","15 Jan 2025, 19:03","","Triceps Pushdown",,"",2,"normal",40,12,,,
"Afternoon workout 💪","15 Jan 2025, 18:30","15 Jan 2025, 19:03","","Stretching",,"",0,"normal",,,,600,
"Mandag Kardio","13 Jan 2025, 17:03","13 Jan 2025, 18:05","","Treadmill",,"",0,"normal",,,3,1800,
"Mandag Kardio","13 Jan 2025, 17:03","13 Jan 2025, 18:05","","Incline Bench Press (Dumbbell)",,"",0,"normal",40,12,,,
"Mandag Kardio","13 Jan 2025, 17:03","13 Jan 2025, 18:05","","Incline Bench Press (Dumbbell)",,"",1,"normal",40,12,,,
"Mandag Kardio","13 Jan 2025, 17:03","13 Jan 2025, 18:05","","Incline Bench Press (Dumbbell)",,"",2,"normal",40,12,,,
"Mandag Kardio","13 Jan 2025, 17:03","13 Jan 2025, 18:05","","Single Arm Cable Row",,"",0,"normal",50,9,,,
"Mandag Kardio","13 Jan 2025, 17:03","13 Jan 2025, 18:05","","Single Arm Cable Row",,"",1,"normal",50,9,,,
"Mandag Kardio","13 Jan 2025, 17:03","13 Jan 2025, 18:05","","Single Arm Cable Row",,"",2,"normal",50,8,,,
"Mandag Kardio","13 Jan 2025, 17:03","13 Jan 2025, 18:05","","Bulgarian Split Squat",,"",0,"normal",,10,,,
"Mandag Kardio","13 Jan 2025, 17:03","13 Jan 2025, 18:05","","Bulgarian Split Squat",,"",1,"normal",,10,,,
"Fredag katdio","10 Jan 2025, 17:02","10 Jan 2025, 18:24","","Treadmill",,"",0,"normal",,,4,1800,
"Fredag katdio","10 Jan 2025, 17:02","10 Jan 2025, 18:24","","Pull Up",,"",0,"normal",,5,,,
"Fredag katdio","10 Jan 2025, 17:02","10 Jan 2025, 18:24","","Pull Up",,"",1,"normal",,5,,,
"Fredag katdio","10 Jan 2025, 17:02","10 Jan 2025, 18:24","","Pull Up",,"",2,"normal",,5,,,
"Fredag katdio","10 Jan 2025, 17:02","10 Jan 2025, 18:24","","Lateral Raise (Dumbbell)",,"",0,"normal",8,8,,,
"Fredag katdio","10 Jan 2025, 17:02","10 Jan 2025, 18:24","","Lateral Raise (Dumbbell)",,"",1,"normal",8,8,,,
"Fredag katdio","10 Jan 2025, 17:02","10 Jan 2025, 18:24","","Lateral Raise (Dumbbell)",,"",2,"normal",8,8,,,
"Fredag katdio","10 Jan 2025, 17:02","10 Jan 2025, 18:24","","Split Squat (Dumbbell)",,"",0,"normal",,8,,,
"Fredag katdio","10 Jan 2025, 17:02","10 Jan 2025, 18:24","","Split Squat (Dumbbell)",,"",1,"normal",,8,,,
"Onsdags kardio","8 Jan 2025, 17:00","8 Jan 2025, 18:01","","Treadmill",,"",0,"normal",,,4,1800,
"Onsdags kardio","8 Jan 2025, 17:00","8 Jan 2025, 18:01","","Romanian Deadlift (Barbell)",,"",0,"normal",80,8,,,
"Onsdags kardio","8 Jan 2025, 17:00","8 Jan 2025, 18:01","","Romanian Deadlift (Barbell)",,"",1,"normal",80,8,,,
"Onsdags kardio","8 Jan 2025, 17:00","8 Jan 2025, 18:01","","Romanian Deadlift (Barbell)",,"",2,"normal",80,8,,,
"Onsdags kardio","8 Jan 2025, 17:00","8 Jan 2025, 18:01","","Seated Chest Flys (Cable)",,"",0,"normal",20,10,,,
"Onsdags kardio","8 Jan 2025, 17:00","8 Jan 2025, 18:01","","Seated Chest Flys (Cable)",,"",1,"normal",20,10,,,
"Onsdags kardio","8 Jan 2025, 17:00","8 Jan 2025, 18:01","","Seated Chest Flys (Cable)",,"",2,"normal",20,10,,,
"Onsdags kardio","8 Jan 2025, 17:00","8 Jan 2025, 18:01","","Bicep Curl (Cable)",0,"",0,"normal",30,10,,,
"Onsdags kardio","8 Jan 2025, 17:00","8 Jan 2025, 18:01","","Bicep Curl (Cable)",0,"",1,"normal",30,10,,,
"Onsdags kardio","8 Jan 2025, 17:00","8 Jan 2025, 18:01","","Bicep Curl (Cable)",0,"",2,"normal",30,10,,,
"Onsdags kardio","8 Jan 2025, 17:00","8 Jan 2025, 18:01","","Triceps Extension (Barbell)",0,"",0,"normal",25,10,,,
"Onsdags kardio","8 Jan 2025, 17:00","8 Jan 2025, 18:01","","Triceps Extension (Barbell)",0,"",1,"normal",25,10,,,
"Onsdags kardio","8 Jan 2025, 17:00","8 Jan 2025, 18:01","","Triceps Extension (Barbell)",0,"",2,"normal",25,10,,,
"Mandag Kardio","6 Jan 2025, 16:21","6 Jan 2025, 20:43","","Treadmill",,"",0,"normal",,,3,1800,
"Mandag Kardio","6 Jan 2025, 16:21","6 Jan 2025, 20:43","","Incline Bench Press (Dumbbell)",,"",0,"normal",40,12,,,
"Mandag Kardio","6 Jan 2025, 16:21","6 Jan 2025, 20:43","","Incline Bench Press (Dumbbell)",,"",1,"normal",40,12,,,
"Mandag Kardio","6 Jan 2025, 16:21","6 Jan 2025, 20:43","","Incline Bench Press (Dumbbell)",,"",2,"normal",40,12,,,
"Mandag Kardio","6 Jan 2025, 16:21","6 Jan 2025, 20:43","","Single Arm Cable Row",,"",0,"normal",50,9,,,
"Mandag Kardio","6 Jan 2025, 16:21","6 Jan 2025, 20:43","","Single Arm Cable Row",,"",1,"normal",50,9,,,
"Mandag Kardio","6 Jan 2025, 16:21","6 Jan 2025, 20:43","","Single Arm Cable Row",,"",2,"normal",50,8,,,
"Mandag Kardio","6 Jan 2025, 16:21","6 Jan 2025, 20:43","","Bulgarian Split Squat",,"",0,"normal",,8,,,
"Fredag workout full body","19 Dec 2024, 15:37","19 Dec 2024, 17:04","","Bulgarian Split Squat",,"",0,"normal",16,10,,,
"Fredag workout full body","19 Dec 2024, 15:37","19 Dec 2024, 17:04","","Bulgarian Split Squat",,"",1,"normal",24,10,,,
"Fredag workout full body","19 Dec 2024, 15:37","19 Dec 2024, 17:04","","Bulgarian Split Squat",,"",2,"normal",24,10,,,
"Fredag workout full body","19 Dec 2024, 15:37","19 Dec 2024, 17:04","","Seated Chest Flys (Cable)",,"",0,"normal",25,10,,,
"Fredag workout full body","19 Dec 2024, 15:37","19 Dec 2024, 17:04","","Seated Chest Flys (Cable)",,"",1,"normal",25,10,,,
"Fredag workout full body","19 Dec 2024, 15:37","19 Dec 2024, 17:04","","Seated Chest Flys (Cable)",,"",2,"normal",25,10,,,
"Fredag workout full body","19 Dec 2024, 15:37","19 Dec 2024, 17:04","","Rear Delt Reverse Fly (Cable)",,"",0,"normal",10,8,,,
"Fredag workout full body","19 Dec 2024, 15:37","19 Dec 2024, 17:04","","Rear Delt Reverse Fly (Cable)",,"",1,"normal",10,8,,,
"Fredag workout full body","19 Dec 2024, 15:37","19 Dec 2024, 17:04","","Rear Delt Reverse Fly (Cable)",,"",2,"normal",10,9,,,
"Fredag workout full body","19 Dec 2024, 15:37","19 Dec 2024, 17:04","","Flex Rows",,"",0,"normal",80,8,,,
"Fredag workout full body","19 Dec 2024, 15:37","19 Dec 2024, 17:04","","Flex Rows",,"",1,"normal",100,20,,,
"Fredag workout full body","19 Dec 2024, 15:37","19 Dec 2024, 17:04","","Flex Rows",,"",2,"normal",100,20,,,
"Fredag workout full body","19 Dec 2024, 15:37","19 Dec 2024, 17:04","","Triceps Pushdown",,"",0,"normal",100,6,,,
"Fredag workout full body","19 Dec 2024, 15:37","19 Dec 2024, 17:04","","Triceps Pushdown",,"",1,"normal",95,8,,,
"Fredag workout full body","19 Dec 2024, 15:37","19 Dec 2024, 17:04","","Triceps Pushdown",,"",2,"normal",95,8,,,
"Onsdags trening full body","18 Dec 2024, 15:57","18 Dec 2024, 17:38","","Deadlift (Barbell)",,"",0,"normal",120,8,,,
"Onsdags trening full body","18 Dec 2024, 15:57","18 Dec 2024, 17:38","","Deadlift (Barbell)",,"",1,"normal",120,8,,,
"Onsdags trening full body","18 Dec 2024, 15:57","18 Dec 2024, 17:38","","Deadlift (Barbell)",,"",2,"normal",120,8,,,
"Onsdags trening full body","18 Dec 2024, 15:57","18 Dec 2024, 17:38","","Bench Press (Barbell)",,"",0,"normal",90,8,,,
"Onsdags trening full body","18 Dec 2024, 15:57","18 Dec 2024, 17:38","","Bench Press (Barbell)",,"",1,"normal",90,8,,,
"Onsdags trening full body","18 Dec 2024, 15:57","18 Dec 2024, 17:38","","Bench Press (Barbell)",,"",2,"normal",90,8,,,
"Onsdags trening full body","18 Dec 2024, 15:57","18 Dec 2024, 17:38","","Kneeling Pulldown (band)",,"",0,"normal",60,8,,,
"Onsdags trening full body","18 Dec 2024, 15:57","18 Dec 2024, 17:38","","Kneeling Pulldown (band)",,"",1,"normal",60,8,,,
"Onsdags trening full body","18 Dec 2024, 15:57","18 Dec 2024, 17:38","","Kneeling Pulldown (band)",,"",2,"normal",60,8,,,
"Onsdags trening full body","18 Dec 2024, 15:57","18 Dec 2024, 17:38","","Preacher Curl (Dumbbell)",,"",0,"normal",10,8,,,
"Onsdags trening full body","18 Dec 2024, 15:57","18 Dec 2024, 17:38","","Preacher Curl (Dumbbell)",,"",1,"normal",10,8,,,
"Onsdags trening full body","18 Dec 2024, 15:57","18 Dec 2024, 17:38","","Preacher Curl (Dumbbell)",,"",2,"normal",10,8,,,
"Onsdags trening full body","18 Dec 2024, 15:57","18 Dec 2024, 17:38","","Lateral Raise (Dumbbell)",,"",0,"normal",8,8,,,
"Onsdags trening full body","18 Dec 2024, 15:57","18 Dec 2024, 17:38","","Lateral Raise (Dumbbell)",,"",1,"normal",8,8,,,
"Onsdags trening full body","18 Dec 2024, 15:57","18 Dec 2024, 17:38","","Lateral Raise (Dumbbell)",,"",2,"normal",8,8,,,
"Mandag workout full body","16 Dec 2024, 15:43","16 Dec 2024, 17:23","","Incline Bench Press (Barbell)",,"",0,"normal",60,10,,,
"Mandag workout full body","16 Dec 2024, 15:43","16 Dec 2024, 17:23","","Incline Bench Press (Barbell)",,"",1,"normal",60,10,,,
"Mandag workout full body","16 Dec 2024, 15:43","16 Dec 2024, 17:23","","Incline Bench Press (Barbell)",,"",2,"normal",60,8,,,
"Mandag workout full body","16 Dec 2024, 15:43","16 Dec 2024, 17:23","","Seated Cable Row - Bar Wide Grip",,"",0,"normal",120,8,,,
"Mandag workout full body","16 Dec 2024, 15:43","16 Dec 2024, 17:23","","Seated Cable Row - Bar Wide Grip",,"",1,"normal",120,8,,,
"Mandag workout full body","16 Dec 2024, 15:43","16 Dec 2024, 17:23","","Seated Cable Row - Bar Wide Grip",,"",2,"normal",120,8,,,
"Mandag workout full body","16 Dec 2024, 15:43","16 Dec 2024, 17:23","","Triceps Extension (Cable)",,"",0,"normal",25,8,,,
"Mandag workout full body","16 Dec 2024, 15:43","16 Dec 2024, 17:23","","Triceps Extension (Cable)",,"",1,"normal",25,8,,,
"Mandag workout full body","16 Dec 2024, 15:43","16 Dec 2024, 17:23","","Triceps Extension (Cable)",,"",2,"normal",25,8,,,
"Mandag workout full body","16 Dec 2024, 15:43","16 Dec 2024, 17:23","","Cross Body Hammer Curl",,"",0,"normal",14,6,,,
"Mandag workout full body","16 Dec 2024, 15:43","16 Dec 2024, 17:23","","Cross Body Hammer Curl",,"",1,"normal",12,8,,,
"Mandag workout full body","16 Dec 2024, 15:43","16 Dec 2024, 17:23","","Cross Body Hammer Curl",,"",2,"normal",12,8,,,
"Mandag workout full body","16 Dec 2024, 15:43","16 Dec 2024, 17:23","","Hip Thrust (Barbell)",,"",0,"normal",140,12,,,
"Mandag workout full body","16 Dec 2024, 15:43","16 Dec 2024, 17:23","","Hip Thrust (Barbell)",,"",1,"normal",140,20,,,
"Mandag workout full body","16 Dec 2024, 15:43","16 Dec 2024, 17:23","","Hip Thrust (Barbell)",,"",2,"normal",140,20,,,
"Fredag workout full body","13 Dec 2024, 16:31","13 Dec 2024, 17:59","","Single Arm Cable Row",,"",0,"normal",55,8,,,
"Fredag workout full body","13 Dec 2024, 16:31","13 Dec 2024, 17:59","","Single Arm Cable Row",,"",1,"normal",50,8,,,
"Fredag workout full body","13 Dec 2024, 16:31","13 Dec 2024, 17:59","","Single Arm Cable Row",,"",2,"normal",50,9,,,
"Fredag workout full body","13 Dec 2024, 16:31","13 Dec 2024, 17:59","","Seated Chest Flys (Cable)",,"",0,"normal",25,8,,,
"Fredag workout full body","13 Dec 2024, 16:31","13 Dec 2024, 17:59","","Seated Chest Flys (Cable)",,"",1,"normal",25,8,,,
"Fredag workout full body","13 Dec 2024, 16:31","13 Dec 2024, 17:59","","Seated Chest Flys (Cable)",,"",2,"normal",25,10,,,
"Fredag workout full body","13 Dec 2024, 16:31","13 Dec 2024, 17:59","","Front Raise (Barbell)",,"",0,"normal",15,10,,,
"Fredag workout full body","13 Dec 2024, 16:31","13 Dec 2024, 17:59","","Front Raise (Barbell)",,"",1,"normal",15,10,,,
"Fredag workout full body","13 Dec 2024, 16:31","13 Dec 2024, 17:59","","Front Raise (Barbell)",,"",2,"normal",15,10,,,
"Fredag workout full body","13 Dec 2024, 16:31","13 Dec 2024, 17:59","","Triceps Pushdown",,"",0,"normal",95,8,,,
"Fredag workout full body","13 Dec 2024, 16:31","13 Dec 2024, 17:59","","Triceps Pushdown",,"",1,"normal",100,8,,,
"Fredag workout full body","13 Dec 2024, 16:31","13 Dec 2024, 17:59","","Triceps Pushdown",,"",2,"normal",100,8,,,
"Fredag workout full body","13 Dec 2024, 16:31","13 Dec 2024, 17:59","","Seated Cable Row - V Grip (Cable)",,"",0,"normal",95,8,,,
"Fredag workout full body","13 Dec 2024, 16:31","13 Dec 2024, 17:59","","Seated Cable Row - V Grip (Cable)",,"",1,"normal",95,8,,,
"Fredag workout full body","13 Dec 2024, 16:31","13 Dec 2024, 17:59","","Seated Cable Row - V Grip (Cable)",,"",2,"normal",95,8,,,
"Rolig trening etter sykdom","11 Dec 2024, 16:56","11 Dec 2024, 17:34","","Incline Bench Press (Barbell)",,"",0,"normal",50,8,,,
"Rolig trening etter sykdom","11 Dec 2024, 16:56","11 Dec 2024, 17:34","","Incline Bench Press (Barbell)",,"",1,"normal",50,8,,,
"Rolig trening etter sykdom","11 Dec 2024, 16:56","11 Dec 2024, 17:34","","Incline Bench Press (Barbell)",,"",2,"normal",50,8,,,
"Rolig trening etter sykdom","11 Dec 2024, 16:56","11 Dec 2024, 17:34","","Rear Delt Reverse Fly (Cable)",,"",0,"normal",10,8,,,
"Rolig trening etter sykdom","11 Dec 2024, 16:56","11 Dec 2024, 17:34","","Rear Delt Reverse Fly (Cable)",,"",1,"normal",10,8,,,
"Rolig trening etter sykdom","11 Dec 2024, 16:56","11 Dec 2024, 17:34","","Rear Delt Reverse Fly (Cable)",,"",2,"normal",10,8,,,
"Rolig trening etter sykdom","11 Dec 2024, 16:56","11 Dec 2024, 17:34","","Straight Arm Lat Pulldown (Cable)",,"",0,"normal",55,8,,,
"Rolig trening etter sykdom","11 Dec 2024, 16:56","11 Dec 2024, 17:34","","Straight Arm Lat Pulldown (Cable)",,"",1,"normal",55,8,,,
"Rolig trening etter sykdom","11 Dec 2024, 16:56","11 Dec 2024, 17:34","","Straight Arm Lat Pulldown (Cable)",,"",2,"normal",55,8,,,
"Rolig trening etter sykdom","11 Dec 2024, 16:56","11 Dec 2024, 17:34","","Flex Rows",,"",0,"normal",85,8,,,
"Rolig trening etter sykdom","11 Dec 2024, 16:56","11 Dec 2024, 17:34","","Flex Rows",,"",1,"normal",90,12,,,
"Rolig trening etter sykdom","11 Dec 2024, 16:56","11 Dec 2024, 17:34","","Flex Rows",,"",2,"normal",100,8,,,
"Mandag workout full body","18 Nov 2024, 16:23","18 Nov 2024, 17:48","","Incline Bench Press (Barbell)",,"",0,"normal",50,8,,,
"Mandag workout full body","18 Nov 2024, 16:23","18 Nov 2024, 17:48","","Incline Bench Press (Barbell)",,"",1,"normal",50,8,,,
"Mandag workout full body","18 Nov 2024, 16:23","18 Nov 2024, 17:48","","Incline Bench Press (Barbell)",,"",2,"normal",50,8,,,
"Mandag workout full body","18 Nov 2024, 16:23","18 Nov 2024, 17:48","","Seated Cable Row - Bar Wide Grip",,"",0,"normal",70,8,,,
"Mandag workout full body","18 Nov 2024, 16:23","18 Nov 2024, 17:48","","Seated Cable Row - Bar Wide Grip",,"",1,"normal",70,8,,,
"Mandag workout full body","18 Nov 2024, 16:23","18 Nov 2024, 17:48","","Seated Cable Row - Bar Wide Grip",,"",2,"normal",110,5,,,
"Mandag workout full body","18 Nov 2024, 16:23","18 Nov 2024, 17:48","","Triceps Extension (Cable)",,"",0,"normal",20,8,,,
"Mandag workout full body","18 Nov 2024, 16:23","18 Nov 2024, 17:48","","Triceps Extension (Cable)",,"",1,"normal",15,8,,,
"Mandag workout full body","18 Nov 2024, 16:23","18 Nov 2024, 17:48","","Triceps Extension (Cable)",,"",2,"normal",15,8,,,
"Mandag workout full body","18 Nov 2024, 16:23","18 Nov 2024, 17:48","","Cross Body Hammer Curl",,"",0,"normal",12,8,,,
"Mandag workout full body","18 Nov 2024, 16:23","18 Nov 2024, 17:48","","Cross Body Hammer Curl",,"",1,"normal",12,8,,,
"Mandag workout full body","18 Nov 2024, 16:23","18 Nov 2024, 17:48","","Cross Body Hammer Curl",,"",2,"normal",12,8,,,
"Mandag workout full body","18 Nov 2024, 16:23","18 Nov 2024, 17:48","","Hip Thrust (Barbell)",,"",0,"normal",90,18,,,
"Mandag workout full body","18 Nov 2024, 16:23","18 Nov 2024, 17:48","","Hip Thrust (Barbell)",,"",1,"normal",90,18,,,
"Mandag workout full body","18 Nov 2024, 16:23","18 Nov 2024, 17:48","","Hip Thrust (Barbell)",,"",2,"normal",90,15,,,
"Onsdags trening full body","13 Nov 2024, 16:21","13 Nov 2024, 18:09","","Deadlift (Barbell)",,"",0,"normal",100,10,,,
"Onsdags trening full body","13 Nov 2024, 16:21","13 Nov 2024, 18:09","","Deadlift (Barbell)",,"",1,"normal",100,15,,,
"Onsdags trening full body","13 Nov 2024, 16:21","13 Nov 2024, 18:09","","Deadlift (Barbell)",,"",2,"normal",100,16,,,
"Onsdags trening full body","13 Nov 2024, 16:21","13 Nov 2024, 18:09","","Bench Press (Barbell)",,"",0,"normal",90,6,,,
"Onsdags trening full body","13 Nov 2024, 16:21","13 Nov 2024, 18:09","","Bench Press (Barbell)",,"",1,"normal",90,10,,,
"Onsdags trening full body","13 Nov 2024, 16:21","13 Nov 2024, 18:09","","Bench Press (Barbell)",,"",2,"normal",90,6,,,
"Onsdags trening full body","13 Nov 2024, 16:21","13 Nov 2024, 18:09","","Kneeling Pulldown (band)",,"",0,"normal",60,10,,,
"Onsdags trening full body","13 Nov 2024, 16:21","13 Nov 2024, 18:09","","Kneeling Pulldown (band)",,"",1,"normal",60,8,,,
"Onsdags trening full body","13 Nov 2024, 16:21","13 Nov 2024, 18:09","","Kneeling Pulldown (band)",,"",2,"normal",60,8,,,
"Onsdags trening full body","13 Nov 2024, 16:21","13 Nov 2024, 18:09","","Flex Rows",,"",0,"normal",65,10,,,
"Onsdags trening full body","13 Nov 2024, 16:21","13 Nov 2024, 18:09","","Flex Rows",,"",1,"normal",70,12,,,
"Onsdags trening full body","13 Nov 2024, 16:21","13 Nov 2024, 18:09","","Flex Rows",,"",2,"normal",85,16,,,
"Onsdags trening full body","13 Nov 2024, 16:21","13 Nov 2024, 18:09","","Lateral Raise (Dumbbell)",,"",0,"normal",8,8,,,
"Onsdags trening full body","13 Nov 2024, 16:21","13 Nov 2024, 18:09","","Lateral Raise (Dumbbell)",,"",1,"normal",6,8,,,
"Onsdags trening full body","13 Nov 2024, 16:21","13 Nov 2024, 18:09","","Lateral Raise (Dumbbell)",,"",2,"normal",6,8,,,
"Mandag workout full body","11 Nov 2024, 16:28","11 Nov 2024, 18:28","","Incline Bench Press (Barbell)",,"Hull 29 40% inc",0,"normal",70,8,,,
"Mandag workout full body","11 Nov 2024, 16:28","11 Nov 2024, 18:28","","Incline Bench Press (Barbell)",,"Hull 29 40% inc",1,"normal",70,8,,,
"Mandag workout full body","11 Nov 2024, 16:28","11 Nov 2024, 18:28","","Incline Bench Press (Barbell)",,"Hull 29 40% inc",2,"normal",70,8,,,
"Mandag workout full body","11 Nov 2024, 16:28","11 Nov 2024, 18:28","","Seated Cable Row - Bar Wide Grip",,"",0,"normal",110,7,,,
"Mandag workout full body","11 Nov 2024, 16:28","11 Nov 2024, 18:28","","Seated Cable Row - Bar Wide Grip",,"",1,"normal",110,5,,,
"Mandag workout full body","11 Nov 2024, 16:28","11 Nov 2024, 18:28","","Seated Cable Row - Bar Wide Grip",,"",2,"normal",100,8,,,
"Mandag workout full body","11 Nov 2024, 16:28","11 Nov 2024, 18:28","","Triceps Extension (Cable)",,"",0,"normal",27,8,,,
"Mandag workout full body","11 Nov 2024, 16:28","11 Nov 2024, 18:28","","Triceps Extension (Cable)",,"",1,"normal",27,8,,,
"Mandag workout full body","11 Nov 2024, 16:28","11 Nov 2024, 18:28","","Triceps Extension (Cable)",,"",2,"normal",27,8,,,
"Mandag workout full body","11 Nov 2024, 16:28","11 Nov 2024, 18:28","","Cross Body Hammer Curl",,"Vondt i bisup",0,"normal",12,8,,,
"Mandag workout full body","11 Nov 2024, 16:28","11 Nov 2024, 18:28","","Hip Thrust (Barbell)",,"",0,"normal",140,17,,,
"Mandag workout full body","11 Nov 2024, 16:28","11 Nov 2024, 18:28","","Hip Thrust (Barbell)",,"",1,"normal",140,16,,,
"Mandag workout full body","11 Nov 2024, 16:28","11 Nov 2024, 18:28","","Hip Thrust (Barbell)",,"",2,"normal",140,15,,,
"Fredag workout full body","8 Nov 2024, 16:20","8 Nov 2024, 17:58","","Box Squat (Barbell)",,"",0,"normal",60,16,,,
"Fredag workout full body","8 Nov 2024, 16:20","8 Nov 2024, 17:58","","Box Squat (Barbell)",,"",1,"normal",100,8,,,
"Fredag workout full body","8 Nov 2024, 16:20","8 Nov 2024, 17:58","","Box Squat (Barbell)",,"",2,"normal",100,8,,,
"Fredag workout full body","8 Nov 2024, 16:20","8 Nov 2024, 17:58","","Single Arm Cable Row",,"Top down",0,"normal",50,12,,,
"Fredag workout full body","8 Nov 2024, 16:20","8 Nov 2024, 17:58","","Single Arm Cable Row",,"Top down",1,"normal",55,8,,,
"Fredag workout full body","8 Nov 2024, 16:20","8 Nov 2024, 17:58","","Single Arm Cable Row",,"Top down",2,"normal",55,8,,,
"Fredag workout full body","8 Nov 2024, 16:20","8 Nov 2024, 17:58","","Seated Chest Flys (Cable)",,"",0,"normal",25,8,,,
"Fredag workout full body","8 Nov 2024, 16:20","8 Nov 2024, 17:58","","Seated Chest Flys (Cable)",,"",1,"normal",25,8,,,
"Fredag workout full body","8 Nov 2024, 16:20","8 Nov 2024, 17:58","","Seated Chest Flys (Cable)",,"",2,"normal",25,10,,,
"Fredag workout full body","8 Nov 2024, 16:20","8 Nov 2024, 17:58","","Front Raise (Barbell)",,"",0,"normal",15,10,,,
"Fredag workout full body","8 Nov 2024, 16:20","8 Nov 2024, 17:58","","Front Raise (Barbell)",,"",1,"normal",15,12,,,
"Fredag workout full body","8 Nov 2024, 16:20","8 Nov 2024, 17:58","","Front Raise (Barbell)",,"",2,"normal",15,14,,,
"Fredag workout full body","8 Nov 2024, 16:20","8 Nov 2024, 17:58","","Triceps Pushdown",,"",0,"normal",95,10,,,
"Fredag workout full body","8 Nov 2024, 16:20","8 Nov 2024, 17:58","","Triceps Pushdown",,"",1,"normal",95,10,,,
"Fredag workout full body","8 Nov 2024, 16:20","8 Nov 2024, 17:58","","Triceps Pushdown",,"",2,"normal",95,10,,,
"Onsdags trening full body","7 Nov 2024, 16:12","7 Nov 2024, 17:41","","Deadlift (Barbell)",,"",0,"normal",100,10,,,
"Onsdags trening full body","7 Nov 2024, 16:12","7 Nov 2024, 17:41","","Deadlift (Barbell)",,"",1,"normal",100,20,,,
"Onsdags trening full body","7 Nov 2024, 16:12","7 Nov 2024, 17:41","","Deadlift (Barbell)",,"",2,"normal",100,15,,,
"Onsdags trening full body","7 Nov 2024, 16:12","7 Nov 2024, 17:41","","Bench Press (Barbell)",,"",0,"normal",100,6,,,
"Onsdags trening full body","7 Nov 2024, 16:12","7 Nov 2024, 17:41","","Bench Press (Barbell)",,"",1,"normal",100,8,,,
"Onsdags trening full body","7 Nov 2024, 16:12","7 Nov 2024, 17:41","","Bench Press (Barbell)",,"",2,"normal",110,5,,,
"Onsdags trening full body","7 Nov 2024, 16:12","7 Nov 2024, 17:41","","Kneeling Pulldown (band)",,"",0,"normal",60,12,,,
"Onsdags trening full body","7 Nov 2024, 16:12","7 Nov 2024, 17:41","","Kneeling Pulldown (band)",,"",1,"normal",65,8,,,
"Onsdags trening full body","7 Nov 2024, 16:12","7 Nov 2024, 17:41","","Kneeling Pulldown (band)",,"",2,"normal",65,8,,,
"Onsdags trening full body","7 Nov 2024, 16:12","7 Nov 2024, 17:41","","Preacher Curl (Dumbbell)",0,"",0,"normal",14,8,,,
"Onsdags trening full body","7 Nov 2024, 16:12","7 Nov 2024, 17:41","","Preacher Curl (Dumbbell)",0,"",1,"normal",14,8,,,
"Onsdags trening full body","7 Nov 2024, 16:12","7 Nov 2024, 17:41","","Preacher Curl (Dumbbell)",0,"",2,"normal",14,8,,,
"Onsdags trening full body","7 Nov 2024, 16:12","7 Nov 2024, 17:41","","Lateral Raise (Dumbbell)",0,"",0,"normal",8,8,,,
"Onsdags trening full body","7 Nov 2024, 16:12","7 Nov 2024, 17:41","","Lateral Raise (Dumbbell)",0,"",1,"normal",5,10,,,
"Onsdags trening full body","7 Nov 2024, 16:12","7 Nov 2024, 17:41","","Lateral Raise (Dumbbell)",0,"",2,"normal",8,8,,,
"Mandag workout full body","4 Nov 2024, 16:23","4 Nov 2024, 17:56","","Incline Bench Press (Barbell)",,"",0,"normal",60,8,,,
"Mandag workout full body","4 Nov 2024, 16:23","4 Nov 2024, 17:56","","Incline Bench Press (Barbell)",,"",1,"normal",60,6,,,
"Mandag workout full body","4 Nov 2024, 16:23","4 Nov 2024, 17:56","","Incline Bench Press (Barbell)",,"",2,"normal",60,6,,,
"Mandag workout full body","4 Nov 2024, 16:23","4 Nov 2024, 17:56","","Seated Cable Row - Bar Wide Grip",,"",0,"normal",70,12,,,
"Mandag workout full body","4 Nov 2024, 16:23","4 Nov 2024, 17:56","","Seated Cable Row - Bar Wide Grip",,"",1,"normal",80,12,,,
"Mandag workout full body","4 Nov 2024, 16:23","4 Nov 2024, 17:56","","Seated Cable Row - Bar Wide Grip",,"",2,"normal",100,8,,,
"Mandag workout full body","4 Nov 2024, 16:23","4 Nov 2024, 17:56","","Triceps Extension (Cable)",,"",0,"normal",25,8,,,
"Mandag workout full body","4 Nov 2024, 16:23","4 Nov 2024, 17:56","","Triceps Extension (Cable)",,"",1,"normal",25,8,,,
"Mandag workout full body","4 Nov 2024, 16:23","4 Nov 2024, 17:56","","Triceps Extension (Cable)",,"",2,"normal",27,8,,,
"Mandag workout full body","4 Nov 2024, 16:23","4 Nov 2024, 17:56","","Cross Body Hammer Curl",,"",0,"normal",12,8,,,
"Mandag workout full body","4 Nov 2024, 16:23","4 Nov 2024, 17:56","","Cross Body Hammer Curl",,"",1,"normal",12,8,,,
"Mandag workout full body","4 Nov 2024, 16:23","4 Nov 2024, 17:56","","Cross Body Hammer Curl",,"",2,"normal",12,8,,,
"Mandag workout full body","4 Nov 2024, 16:23","4 Nov 2024, 17:56","","Hip Thrust (Barbell)",,"Etter prolaps, måtte kjenne an 1. Set",0,"normal",100,20,,,
"Mandag workout full body","4 Nov 2024, 16:23","4 Nov 2024, 17:56","","Hip Thrust (Barbell)",,"Etter prolaps, måtte kjenne an 1. Set",1,"normal",140,20,,,
"Mandag workout full body","4 Nov 2024, 16:23","4 Nov 2024, 17:56","","Hip Thrust (Barbell)",,"Etter prolaps, måtte kjenne an 1. Set",2,"normal",140,20,,,
"Onsdags trening full body","30 Oct 2024, 16:30","30 Oct 2024, 18:13","","Deadlift (Barbell)",,"",0,"normal",170,4,,,
"Onsdags trening full body","30 Oct 2024, 16:30","30 Oct 2024, 18:13","","Deadlift (Barbell)",,"",1,"normal",180,3,,,
"Onsdags trening full body","30 Oct 2024, 16:30","30 Oct 2024, 18:13","","Deadlift (Barbell)",,"",2,"normal",180,2,,,
"Onsdags trening full body","30 Oct 2024, 16:30","30 Oct 2024, 18:13","","Bench Press (Barbell)",,"",0,"normal",100,6,,,
"Onsdags trening full body","30 Oct 2024, 16:30","30 Oct 2024, 18:13","","Bench Press (Barbell)",,"",1,"normal",100,7,,,
"Onsdags trening full body","30 Oct 2024, 16:30","30 Oct 2024, 18:13","","Bench Press (Barbell)",,"",2,"normal",110,4,,,
"Onsdags trening full body","30 Oct 2024, 16:30","30 Oct 2024, 18:13","","Kneeling Pulldown (band)",,"",0,"normal",45,15,,,
"Onsdags trening full body","30 Oct 2024, 16:30","30 Oct 2024, 18:13","","Kneeling Pulldown (band)",,"",1,"normal",55,12,,,
"Onsdags trening full body","30 Oct 2024, 16:30","30 Oct 2024, 18:13","","Kneeling Pulldown (band)",,"",2,"normal",60,10,,,
"Onsdags trening full body","30 Oct 2024, 16:30","30 Oct 2024, 18:13","","Preacher Curl (Dumbbell)",0,"",0,"normal",14,8,,,
"Onsdags trening full body","30 Oct 2024, 16:30","30 Oct 2024, 18:13","","Preacher Curl (Dumbbell)",0,"",1,"normal",14,8,,,
"Onsdags trening full body","30 Oct 2024, 16:30","30 Oct 2024, 18:13","","Preacher Curl (Dumbbell)",0,"",2,"normal",14,8,,,
"Onsdags trening full body","30 Oct 2024, 16:30","30 Oct 2024, 18:13","","Lateral Raise (Dumbbell)",0,"",0,"normal",8,8,,,
"Onsdags trening full body","30 Oct 2024, 16:30","30 Oct 2024, 18:13","","Lateral Raise (Dumbbell)",0,"",1,"normal",8,8,,,
"Onsdags trening full body","30 Oct 2024, 16:30","30 Oct 2024, 18:13","","Lateral Raise (Dumbbell)",0,"",2,"normal",8,8,,,
"Mandag workout full body","28 Oct 2024, 16:30","28 Oct 2024, 18:05","","Incline Bench Press (Barbell)",,"",0,"normal",70,8,,,
"Mandag workout full body","28 Oct 2024, 16:30","28 Oct 2024, 18:05","","Incline Bench Press (Barbell)",,"",1,"normal",70,7,,,
"Mandag workout full body","28 Oct 2024, 16:30","28 Oct 2024, 18:05","","Incline Bench Press (Barbell)",,"",2,"normal",70,7,,,
"Mandag workout full body","28 Oct 2024, 16:30","28 Oct 2024, 18:05","","Bent Over Row (Barbell)",,"",0,"normal",60,11,,,
"Mandag workout full body","28 Oct 2024, 16:30","28 Oct 2024, 18:05","","Bent Over Row (Barbell)",,"",1,"normal",70,8,,,
"Mandag workout full body","28 Oct 2024, 16:30","28 Oct 2024, 18:05","","Bent Over Row (Barbell)",,"",2,"normal",70,8,,,
"Mandag workout full body","28 Oct 2024, 16:30","28 Oct 2024, 18:05","","Triceps Extension (Cable)",,"",0,"normal",25,8,,,
"Mandag workout full body","28 Oct 2024, 16:30","28 Oct 2024, 18:05","","Triceps Extension (Cable)",,"",1,"normal",25,8,,,
"Mandag workout full body","28 Oct 2024, 16:30","28 Oct 2024, 18:05","","Triceps Extension (Cable)",,"",2,"normal",25,7,,,
"Mandag workout full body","28 Oct 2024, 16:30","28 Oct 2024, 18:05","","Cross Body Hammer Curl",,"",0,"normal",12,8,,,
"Mandag workout full body","28 Oct 2024, 16:30","28 Oct 2024, 18:05","","Cross Body Hammer Curl",,"",1,"normal",12,8,,,
"Mandag workout full body","28 Oct 2024, 16:30","28 Oct 2024, 18:05","","Cross Body Hammer Curl",,"",2,"normal",12,8,,,
"Mandag workout full body","28 Oct 2024, 16:30","28 Oct 2024, 18:05","","Hip Thrust (Barbell)",,"",0,"normal",140,16,,,
"Mandag workout full body","28 Oct 2024, 16:30","28 Oct 2024, 18:05","","Hip Thrust (Barbell)",,"",1,"normal",140,17,,,
"Mandag workout full body","28 Oct 2024, 16:30","28 Oct 2024, 18:05","","Hip Thrust (Barbell)",,"",2,"normal",140,20,,,
"Morning workout ☀️","26 Oct 2024, 11:12","26 Oct 2024, 11:14","","Running",,"Uphill run",0,"normal",,,2.3,25,
"Afternoon workout 💪","25 Oct 2024, 16:21","25 Oct 2024, 18:00","","Box Squat (Barbell)",,"",0,"normal",120,8,,,
"Afternoon workout 💪","25 Oct 2024, 16:21","25 Oct 2024, 18:00","","Box Squat (Barbell)",,"",1,"normal",130,6,,,
"Afternoon workout 💪","25 Oct 2024, 16:21","25 Oct 2024, 18:00","","Box Squat (Barbell)",,"",2,"normal",130,4,,,
"Afternoon workout 💪","25 Oct 2024, 16:21","25 Oct 2024, 18:00","","Seated Cable Row - V Grip (Cable)",,"",0,"normal",85,8,,,
"Afternoon workout 💪","25 Oct 2024, 16:21","25 Oct 2024, 18:00","","Seated Cable Row - V Grip (Cable)",,"",1,"normal",85,8,,,
"Afternoon workout 💪","25 Oct 2024, 16:21","25 Oct 2024, 18:00","","Seated Cable Row - V Grip (Cable)",,"",2,"normal",85,8,,,
"Afternoon workout 💪","25 Oct 2024, 16:21","25 Oct 2024, 18:00","","Seated Chest Flys (Cable)",,"",0,"normal",20,15,,,
"Afternoon workout 💪","25 Oct 2024, 16:21","25 Oct 2024, 18:00","","Seated Chest Flys (Cable)",,"",1,"normal",20,15,,,
"Afternoon workout 💪","25 Oct 2024, 16:21","25 Oct 2024, 18:00","","Seated Chest Flys (Cable)",,"",2,"normal",20,15,,,
"Afternoon workout 💪","25 Oct 2024, 16:21","25 Oct 2024, 18:00","","Front Raise (Barbell)",,"",0,"normal",15,10,,,
"Afternoon workout 💪","25 Oct 2024, 16:21","25 Oct 2024, 18:00","","Front Raise (Barbell)",,"",1,"normal",15,10,,,
"Afternoon workout 💪","25 Oct 2024, 16:21","25 Oct 2024, 18:00","","Front Raise (Barbell)",,"",2,"normal",15,10,,,
"Afternoon workout 💪","25 Oct 2024, 16:21","25 Oct 2024, 18:00","","Triceps Pushdown",,"",0,"normal",100,8,,,
"Afternoon workout 💪","25 Oct 2024, 16:21","25 Oct 2024, 18:00","","Triceps Pushdown",,"",1,"normal",85,15,,,
"Afternoon workout 💪","25 Oct 2024, 16:21","25 Oct 2024, 18:00","","Triceps Pushdown",,"",2,"normal",85,15,,,
"Onsdags trening","23 Oct 2024, 16:41","23 Oct 2024, 18:46","","Deadlift (Barbell)",,"",0,"normal",160,3,,,
"Onsdags trening","23 Oct 2024, 16:41","23 Oct 2024, 18:46","","Deadlift (Barbell)",,"",1,"normal",180,3,,,
"Onsdags trening","23 Oct 2024, 16:41","23 Oct 2024, 18:46","","Deadlift (Barbell)",,"",2,"normal",190,1,,,
"Onsdags trening","23 Oct 2024, 16:41","23 Oct 2024, 18:46","","Bench Press (Barbell)",,"",0,"normal",90,8,,,
"Onsdags trening","23 Oct 2024, 16:41","23 Oct 2024, 18:46","","Bench Press (Barbell)",,"",1,"normal",90,8,,,
"Onsdags trening","23 Oct 2024, 16:41","23 Oct 2024, 18:46","","Bench Press (Barbell)",,"",2,"normal",90,8,,,
"Onsdags trening","23 Oct 2024, 16:41","23 Oct 2024, 18:46","","Kneeling Pulldown (band)",,"",0,"normal",45,15,,,
"Onsdags trening","23 Oct 2024, 16:41","23 Oct 2024, 18:46","","Kneeling Pulldown (band)",,"",1,"normal",55,10,,,
"Onsdags trening","23 Oct 2024, 16:41","23 Oct 2024, 18:46","","Kneeling Pulldown (band)",,"",2,"normal",55,10,,,
"Onsdags trening","23 Oct 2024, 16:41","23 Oct 2024, 18:46","","Preacher Curl (Dumbbell)",0,"",0,"normal",14,8,,,
"Onsdags trening","23 Oct 2024, 16:41","23 Oct 2024, 18:46","","Preacher Curl (Dumbbell)",0,"",1,"normal",14,8,,,
"Onsdags trening","23 Oct 2024, 16:41","23 Oct 2024, 18:46","","Preacher Curl (Dumbbell)",0,"",2,"normal",14,8,,,
"Onsdags trening","23 Oct 2024, 16:41","23 Oct 2024, 18:46","","Lateral Raise (Dumbbell)",0,"",0,"normal",8,8,,,
"Onsdags trening","23 Oct 2024, 16:41","23 Oct 2024, 18:46","","Lateral Raise (Dumbbell)",0,"",1,"normal",8,8,,,
"Onsdags trening","23 Oct 2024, 16:41","23 Oct 2024, 18:46","","Lateral Raise (Dumbbell)",0,"",2,"normal",8,8,,,
"Mandag workout v2 full body","21 Oct 2024, 16:25","21 Oct 2024, 17:49","","Incline Bench Press (Barbell)",,"",0,"normal",70,8,,,
"Mandag workout v2 full body","21 Oct 2024, 16:25","21 Oct 2024, 17:49","","Incline Bench Press (Barbell)",,"",1,"normal",70,7,,,
"Mandag workout v2 full body","21 Oct 2024, 16:25","21 Oct 2024, 17:49","","Incline Bench Press (Barbell)",,"",2,"normal",70,7,,,
"Mandag workout v2 full body","21 Oct 2024, 16:25","21 Oct 2024, 17:49","","Bent Over Row (Barbell)",,"",0,"normal",70,8,,,
"Mandag workout v2 full body","21 Oct 2024, 16:25","21 Oct 2024, 17:49","","Bent Over Row (Barbell)",,"",1,"normal",70,8,,,
"Mandag workout v2 full body","21 Oct 2024, 16:25","21 Oct 2024, 17:49","","Bent Over Row (Barbell)",,"",2,"normal",70,8,,,
"Mandag workout v2 full body","21 Oct 2024, 16:25","21 Oct 2024, 17:49","","Triceps Extension (Cable)",,"",0,"normal",25,8,,,
"Mandag workout v2 full body","21 Oct 2024, 16:25","21 Oct 2024, 17:49","","Triceps Extension (Cable)",,"",1,"normal",25,8,,,
"Mandag workout v2 full body","21 Oct 2024, 16:25","21 Oct 2024, 17:49","","Triceps Extension (Cable)",,"",2,"normal",25,7,,,
"Mandag workout v2 full body","21 Oct 2024, 16:25","21 Oct 2024, 17:49","","Cross Body Hammer Curl",,"",0,"normal",12,8,,,
"Mandag workout v2 full body","21 Oct 2024, 16:25","21 Oct 2024, 17:49","","Cross Body Hammer Curl",,"",1,"normal",12,8,,,
"Mandag workout v2 full body","21 Oct 2024, 16:25","21 Oct 2024, 17:49","","Cross Body Hammer Curl",,"",2,"normal",12,8,,,
"Mandag workout v2 full body","21 Oct 2024, 16:25","21 Oct 2024, 17:49","","Hip Thrust (Barbell)",,"",0,"normal",140,13,,,
"Mandag workout v2 full body","21 Oct 2024, 16:25","21 Oct 2024, 17:49","","Hip Thrust (Barbell)",,"",1,"normal",140,15,,,
"Mandag workout v2 full body","21 Oct 2024, 16:25","21 Oct 2024, 17:49","","Hip Thrust (Barbell)",,"",2,"normal",140,15,,,
"Hytte trening","19 Oct 2024, 09:12","19 Oct 2024, 09:44","","Plank",,"",0,"normal",,,,60,
"Hytte trening","19 Oct 2024, 09:12","19 Oct 2024, 09:44","","Plank",,"",1,"normal",,,,60,
"Hytte trening","19 Oct 2024, 09:12","19 Oct 2024, 09:44","","Plank",,"",2,"normal",,,,60,
"Hytte trening","19 Oct 2024, 09:12","19 Oct 2024, 09:44","","Lying Leg Raise",,"Slow setq",0,"normal",,15,,,
"Hytte trening","19 Oct 2024, 09:12","19 Oct 2024, 09:44","","Lying Leg Raise",,"Slow setq",1,"normal",,15,,,
"Hytte trening","19 Oct 2024, 09:12","19 Oct 2024, 09:44","","Lying Leg Raise",,"Slow setq",2,"normal",,15,,,
"Hytte trening","19 Oct 2024, 09:12","19 Oct 2024, 09:44","","Glute Bridge",,"",0,"normal",,40,,,
"Hytte trening","19 Oct 2024, 09:12","19 Oct 2024, 09:44","","Glute Bridge",,"",1,"normal",,40,,,
"Hytte trening","19 Oct 2024, 09:12","19 Oct 2024, 09:44","","Glute Bridge",,"",2,"normal",,40,,,
"Mandag workout v2 full body","14 Oct 2024, 16:37","14 Oct 2024, 18:05","","Incline Bench Press (Barbell)",,"",0,"normal",70,6,,,
"Mandag workout v2 full body","14 Oct 2024, 16:37","14 Oct 2024, 18:05","","Incline Bench Press (Barbell)",,"",1,"normal",70,6,,,
"Mandag workout v2 full body","14 Oct 2024, 16:37","14 Oct 2024, 18:05","","Incline Bench Press (Barbell)",,"",2,"normal",70,6,,,
"Mandag workout v2 full body","14 Oct 2024, 16:37","14 Oct 2024, 18:05","","Bent Over Row (Barbell)",,"",0,"normal",70,8,,,
"Mandag workout v2 full body","14 Oct 2024, 16:37","14 Oct 2024, 18:05","","Bent Over Row (Barbell)",,"",1,"normal",70,8,,,
"Mandag workout v2 full body","14 Oct 2024, 16:37","14 Oct 2024, 18:05","","Bent Over Row (Barbell)",,"",2,"normal",70,8,,,
"Mandag workout v2 full body","14 Oct 2024, 16:37","14 Oct 2024, 18:05","","Hip Thrust (Barbell)",,"",0,"normal",80,21,,,
"Mandag workout v2 full body","14 Oct 2024, 16:37","14 Oct 2024, 18:05","","Hip Thrust (Barbell)",,"",1,"normal",110,13,,,
"Mandag workout v2 full body","14 Oct 2024, 16:37","14 Oct 2024, 18:05","","Hip Thrust (Barbell)",,"",2,"normal",110,23,,,
"Mandag workout v2 full body","14 Oct 2024, 16:37","14 Oct 2024, 18:05","","Triceps Extension (Cable)",,"",0,"normal",20,8,,,
"Mandag workout v2 full body","14 Oct 2024, 16:37","14 Oct 2024, 18:05","","Triceps Extension (Cable)",,"",1,"normal",25,6,,,
"Mandag workout v2 full body","14 Oct 2024, 16:37","14 Oct 2024, 18:05","","Triceps Extension (Cable)",,"",2,"normal",25,7,,,
"Mandag workout v2 full body","14 Oct 2024, 16:37","14 Oct 2024, 18:05","","Cross Body Hammer Curl",,"",0,"normal",12,15,,,
"Mandag workout v2 full body","14 Oct 2024, 16:37","14 Oct 2024, 18:05","","Cross Body Hammer Curl",,"",1,"normal",10,12,,,
"Mandag workout v2 full body","14 Oct 2024, 16:37","14 Oct 2024, 18:05","","Cross Body Hammer Curl",,"",2,"normal",10,12,,,
"Mandag workout","7 Oct 2024, 09:36","7 Oct 2024, 11:36","","Incline Bench Press (Barbell)",,"",0,"normal",60,9,,,
"Mandag workout","7 Oct 2024, 09:36","7 Oct 2024, 11:36","","Incline Bench Press (Barbell)",,"",1,"normal",60,7,,,
"Mandag workout","7 Oct 2024, 09:36","7 Oct 2024, 11:36","","Incline Bench Press (Barbell)",,"",2,"normal",60,8,,,
"Mandag workout","7 Oct 2024, 09:36","7 Oct 2024, 11:36","","Bent Over Row (Barbell)",,"",0,"normal",70,8,,,
"Mandag workout","7 Oct 2024, 09:36","7 Oct 2024, 11:36","","Bent Over Row (Barbell)",,"",1,"normal",70,8,,,
"Mandag workout","7 Oct 2024, 09:36","7 Oct 2024, 11:36","","Bent Over Row (Barbell)",,"",2,"normal",70,8,,,
"Mandag workout","7 Oct 2024, 09:36","7 Oct 2024, 11:36","","Hip Thrust (Barbell)",,"",0,"normal",60,20,,,
"Mandag workout","7 Oct 2024, 09:36","7 Oct 2024, 11:36","","Hip Thrust (Barbell)",,"",1,"normal",60,20,,,
"Mandag workout","7 Oct 2024, 09:36","7 Oct 2024, 11:36","","Hip Thrust (Barbell)",,"",2,"normal",60,25,,,
"Mandag workout","7 Oct 2024, 09:36","7 Oct 2024, 11:36","","Triceps Extension (Cable)",,"",0,"normal",20,8,,,
"Mandag workout","7 Oct 2024, 09:36","7 Oct 2024, 11:36","","Triceps Extension (Cable)",,"",1,"normal",20,8,,,
"Mandag workout","7 Oct 2024, 09:36","7 Oct 2024, 11:36","","Triceps Extension (Cable)",,"",2,"normal",20,8,,,
"Mandag workout","7 Oct 2024, 09:36","7 Oct 2024, 11:36","","Cross Body Hammer Curl",,"",0,"normal",10,15,,,
"Mandag workout","7 Oct 2024, 09:36","7 Oct 2024, 11:36","","Cross Body Hammer Curl",,"",1,"normal",10,15,,,
"Mandag workout","7 Oct 2024, 09:36","7 Oct 2024, 11:36","","Cross Body Hammer Curl",,"",2,"normal",10,15,,,
"Fredag trening","4 Oct 2024, 15:57","4 Oct 2024, 18:03","","Box Squat (Barbell)",,"",0,"normal",120,8,,,
"Fredag trening","4 Oct 2024, 15:57","4 Oct 2024, 18:03","","Box Squat (Barbell)",,"",1,"normal",120,5,,,
"Fredag trening","4 Oct 2024, 15:57","4 Oct 2024, 18:03","","Box Squat (Barbell)",,"",2,"normal",120,8,,,
"Fredag trening","4 Oct 2024, 15:57","4 Oct 2024, 18:03","","Overhead Press (Barbell)",,"",0,"normal",65,6,,,
"Fredag trening","4 Oct 2024, 15:57","4 Oct 2024, 18:03","","Overhead Press (Barbell)",,"",1,"normal",65,6,,,
"Fredag trening","4 Oct 2024, 15:57","4 Oct 2024, 18:03","","Overhead Press (Barbell)",,"",2,"normal",65,5,,,
"Fredag trening","4 Oct 2024, 15:57","4 Oct 2024, 18:03","","Single Leg Standing Calf Raise",,"",0,"normal",,20,,,
"Fredag trening","4 Oct 2024, 15:57","4 Oct 2024, 18:03","","Single Leg Standing Calf Raise",,"",1,"normal",,20,,,
"Fredag trening","4 Oct 2024, 15:57","4 Oct 2024, 18:03","","Single Leg Standing Calf Raise",,"",2,"normal",,20,,,
"Fredag trening","4 Oct 2024, 15:57","4 Oct 2024, 18:03","","Lateral Raise (Dumbbell)",,"",0,"normal",8,8,,,
"Fredag trening","4 Oct 2024, 15:57","4 Oct 2024, 18:03","","Lateral Raise (Dumbbell)",,"",1,"normal",8,8,,,
"Fredag trening","4 Oct 2024, 15:57","4 Oct 2024, 18:03","","Lateral Raise (Dumbbell)",,"",2,"normal",8,8,,,
"Fredag trening","4 Oct 2024, 15:57","4 Oct 2024, 18:03","","Calf Extension (Machine)",,"",0,"normal",130,25,,,
"Fredag trening","4 Oct 2024, 15:57","4 Oct 2024, 18:03","","Calf Extension (Machine)",,"",1,"normal",130,25,,,
"Fredag trening","4 Oct 2024, 15:57","4 Oct 2024, 18:03","","Calf Extension (Machine)",,"",2,"normal",130,25,,,
"Fredag trening","4 Oct 2024, 15:57","4 Oct 2024, 18:03","","Hip Thrust (Barbell)",,"",0,"normal",60,15,,,
"Fredag trening","4 Oct 2024, 15:57","4 Oct 2024, 18:03","","Hip Thrust (Barbell)",,"",1,"normal",60,15,,,
"Fredag trening","4 Oct 2024, 15:57","4 Oct 2024, 18:03","","Hip Thrust (Barbell)",,"",2,"normal",60,15,,,
"Onsdag trening","2 Oct 2024, 16:30","2 Oct 2024, 18:12","","Cable Crunch",,"",0,"normal",95,8,,,
"Onsdag trening","2 Oct 2024, 16:30","2 Oct 2024, 18:12","","Cable Crunch",,"",1,"normal",100,6,,,
"Onsdag trening","2 Oct 2024, 16:30","2 Oct 2024, 18:12","","Cable Crunch",,"",2,"normal",95,8,,,
"Onsdag trening","2 Oct 2024, 16:30","2 Oct 2024, 18:12","","Landmine Row",,"",0,"normal",65,8,,,
"Onsdag trening","2 Oct 2024, 16:30","2 Oct 2024, 18:12","","Landmine Row",,"",1,"normal",65,8,,,
"Onsdag trening","2 Oct 2024, 16:30","2 Oct 2024, 18:12","","Deadlift (Barbell)",,"",0,"normal",160,4,,,
"Onsdag trening","2 Oct 2024, 16:30","2 Oct 2024, 18:12","","Deadlift (Barbell)",,"",1,"normal",160,4,,,
"Onsdag trening","2 Oct 2024, 16:30","2 Oct 2024, 18:12","","Deadlift (Barbell)",,"",2,"normal",160,4,,,
"Onsdag trening","2 Oct 2024, 16:30","2 Oct 2024, 18:12","","Rear Delt Reverse Fly (Cable)",,"",0,"normal",10,8,,,
"Onsdag trening","2 Oct 2024, 16:30","2 Oct 2024, 18:12","","Rear Delt Reverse Fly (Cable)",,"",1,"normal",10,8,,,
"Onsdag trening","2 Oct 2024, 16:30","2 Oct 2024, 18:12","","Rear Delt Reverse Fly (Cable)",,"",2,"normal",10,7,,,
"Onsdag trening","2 Oct 2024, 16:30","2 Oct 2024, 18:12","","Plank",,"",0,"normal",,,,90,
"Onsdag trening","2 Oct 2024, 16:30","2 Oct 2024, 18:12","","Plank",,"",1,"normal",,,,90,
"Onsdag trening","2 Oct 2024, 16:30","2 Oct 2024, 18:12","","Plank",,"",2,"normal",,,,90,
"Mandag trening","1 Oct 2024, 09:37","1 Oct 2024, 11:38","","Bench Press (Barbell)",,"",0,"normal",100,6,,,
"Mandag trening","1 Oct 2024, 09:37","1 Oct 2024, 11:38","","Bench Press (Barbell)",,"",1,"normal",100,6,,,
"Mandag trening","1 Oct 2024, 09:37","1 Oct 2024, 11:38","","Bench Press (Barbell)",,"",2,"normal",100,5,,,
"Mandag trening","1 Oct 2024, 09:37","1 Oct 2024, 11:38","","Preacher Curl (Dumbbell)",,"",0,"normal",12,10,,,
"Mandag trening","1 Oct 2024, 09:37","1 Oct 2024, 11:38","","Preacher Curl (Dumbbell)",,"",1,"normal",12,10,,,
"Mandag trening","1 Oct 2024, 09:37","1 Oct 2024, 11:38","","Preacher Curl (Dumbbell)",,"",2,"normal",12,10,,,
"Mandag trening","1 Oct 2024, 09:37","1 Oct 2024, 11:38","","Triceps Extension (Dumbbell)",,"",0,"normal",30,10,,,
"Mandag trening","1 Oct 2024, 09:37","1 Oct 2024, 11:38","","Triceps Extension (Dumbbell)",,"",1,"normal",30,10,,,
"Mandag trening","1 Oct 2024, 09:37","1 Oct 2024, 11:38","","Triceps Extension (Dumbbell)",,"",2,"normal",30,10,,,
"Mandag trening","1 Oct 2024, 09:37","1 Oct 2024, 11:38","","Incline Bench Press (Barbell)",,"",0,"normal",70,8,,,
"Mandag trening","1 Oct 2024, 09:37","1 Oct 2024, 11:38","","Incline Bench Press (Barbell)",,"",1,"normal",70,8,,,
"Mandag trening","1 Oct 2024, 09:37","1 Oct 2024, 11:38","","Incline Bench Press (Barbell)",,"",2,"normal",70,8,,,
"Mandag trening","1 Oct 2024, 09:37","1 Oct 2024, 11:38","","Bent Over Row (Barbell)",,"",0,"normal",70,8,,,
"Mandag trening","1 Oct 2024, 09:37","1 Oct 2024, 11:38","","Bent Over Row (Barbell)",,"",1,"normal",70,8,,,
"Mandag trening","1 Oct 2024, 09:37","1 Oct 2024, 11:38","","Bent Over Row (Barbell)",,"",2,"normal",70,8,,,
"Onsdag trening","25 Sep 2024, 16:24","25 Sep 2024, 18:26","","Deadlift (Barbell)",,"",0,"normal",100,4,,,
"Onsdag trening","25 Sep 2024, 16:24","25 Sep 2024, 18:26","","Deadlift (Barbell)",,"",1,"normal",100,4,,,
"Onsdag trening","25 Sep 2024, 16:24","25 Sep 2024, 18:26","","Deadlift (Barbell)",,"",2,"normal",100,4,,,
"Onsdag trening","25 Sep 2024, 16:24","25 Sep 2024, 18:26","","Sit Up",,"",0,"normal",,12,,,
"Onsdag trening","25 Sep 2024, 16:24","25 Sep 2024, 18:26","","Sit Up",,"",1,"normal",,12,,,
"Onsdag trening","25 Sep 2024, 16:24","25 Sep 2024, 18:26","","Sit Up",,"",2,"normal",,12,,,
"Onsdag trening","25 Sep 2024, 16:24","25 Sep 2024, 18:26","","Landmine Row",,"",0,"normal",40,8,,,
"Onsdag trening","25 Sep 2024, 16:24","25 Sep 2024, 18:26","","Landmine Row",,"",1,"normal",40,8,,,
"Onsdag trening","25 Sep 2024, 16:24","25 Sep 2024, 18:26","","Landmine Row",,"",2,"normal",40,8,,,
"Onsdag trening","25 Sep 2024, 16:24","25 Sep 2024, 18:26","","Lying Leg Raise",,"",0,"normal",,35,,,
"Onsdag trening","25 Sep 2024, 16:24","25 Sep 2024, 18:26","","Lying Leg Raise",,"",1,"normal",,35,,,
"Onsdag trening","25 Sep 2024, 16:24","25 Sep 2024, 18:26","","Lying Leg Raise",,"",2,"normal",,35,,,
"Onsdag trening","25 Sep 2024, 16:24","25 Sep 2024, 18:26","","Rear Delt Reverse Fly (Cable)",,"",0,"normal",10,8,,,
"Onsdag trening","25 Sep 2024, 16:24","25 Sep 2024, 18:26","","Rear Delt Reverse Fly (Cable)",,"",1,"normal",15,5,,,
"Onsdag trening","25 Sep 2024, 16:24","25 Sep 2024, 18:26","","Rear Delt Reverse Fly (Cable)",,"",2,"normal",10,10,,,
"Fredag trening","20 Sep 2024, 07:01","20 Sep 2024, 08:04","","Box Squat (Barbell)",,"",0,"normal",100,8,,,
"Fredag trening","20 Sep 2024, 07:01","20 Sep 2024, 08:04","","Box Squat (Barbell)",,"",1,"normal",100,8,,,
"Fredag trening","20 Sep 2024, 07:01","20 Sep 2024, 08:04","","Box Squat (Barbell)",,"",2,"normal",120,3,,,
"Fredag trening","20 Sep 2024, 07:01","20 Sep 2024, 08:04","","Overhead Press (Barbell)",,"",0,"normal",60,6,,,
"Fredag trening","20 Sep 2024, 07:01","20 Sep 2024, 08:04","","Overhead Press (Barbell)",,"",1,"normal",60,6,,,
"Fredag trening","20 Sep 2024, 07:01","20 Sep 2024, 08:04","","Overhead Press (Barbell)",,"",2,"normal",60,6,,,
"Fredag trening","20 Sep 2024, 07:01","20 Sep 2024, 08:04","","Single Leg Standing Calf Raise",,"",0,"normal",,20,,,
"Fredag trening","20 Sep 2024, 07:01","20 Sep 2024, 08:04","","Single Leg Standing Calf Raise",,"",1,"normal",,20,,,
"Fredag trening","20 Sep 2024, 07:01","20 Sep 2024, 08:04","","Single Leg Standing Calf Raise",,"",2,"normal",,20,,,
"Fredag trening","20 Sep 2024, 07:01","20 Sep 2024, 08:04","","Calf Extension (Machine)",,"",0,"normal",130,25,,,
"Fredag trening","20 Sep 2024, 07:01","20 Sep 2024, 08:04","","Calf Extension (Machine)",,"",1,"normal",130,25,,,
"Fredag trening","20 Sep 2024, 07:01","20 Sep 2024, 08:04","","Calf Extension (Machine)",,"",2,"normal",130,25,,,
"Fredag trening","20 Sep 2024, 07:01","20 Sep 2024, 08:04","","Lateral Raise (Dumbbell)",,"",0,"normal",8,8,,,
"Fredag trening","20 Sep 2024, 07:01","20 Sep 2024, 08:04","","Lateral Raise (Dumbbell)",,"",1,"normal",8,8,,,
"Fredag trening","20 Sep 2024, 07:01","20 Sep 2024, 08:04","","Lateral Raise (Dumbbell)",,"",2,"normal",8,8,,,
"Onsdag trening","18 Sep 2024, 17:21","18 Sep 2024, 19:21","","Deadlift (Barbell)",,"",0,"normal",160,4,,,
"Onsdag trening","18 Sep 2024, 17:21","18 Sep 2024, 19:21","","Deadlift (Barbell)",,"",1,"normal",160,4,,,
"Onsdag trening","18 Sep 2024, 17:21","18 Sep 2024, 19:21","","Deadlift (Barbell)",,"",2,"normal",160,4,,,
"Onsdag trening","18 Sep 2024, 17:21","18 Sep 2024, 19:21","","Deadlift (Barbell)",,"",3,"normal",160,4,,,
"Onsdag trening","18 Sep 2024, 17:21","18 Sep 2024, 19:21","","Sit Up",,"",0,"normal",,20,,,
"Onsdag trening","18 Sep 2024, 17:21","18 Sep 2024, 19:21","","Sit Up",,"",1,"normal",,20,,,
"Onsdag trening","18 Sep 2024, 17:21","18 Sep 2024, 19:21","","Sit Up",,"",2,"normal",,20,,,
"Onsdag trening","18 Sep 2024, 17:21","18 Sep 2024, 19:21","","Lying Leg Raise",,"",0,"normal",,35,,,
"Onsdag trening","18 Sep 2024, 17:21","18 Sep 2024, 19:21","","Rear Delt Reverse Fly (Cable)",,"",0,"normal",10,8,,,
"Onsdag trening","18 Sep 2024, 17:21","18 Sep 2024, 19:21","","Rear Delt Reverse Fly (Cable)",,"",1,"normal",15,5,,,
"Onsdag trening","18 Sep 2024, 17:21","18 Sep 2024, 19:21","","Rear Delt Reverse Fly (Cable)",,"",2,"normal",10,10,,,
"Mandag trening","16 Sep 2024, 17:23","16 Sep 2024, 18:02","","Bench Press (Barbell)",,"",0,"normal",100,3,,,
"Mandag trening","16 Sep 2024, 17:23","16 Sep 2024, 18:02","","Bench Press (Barbell)",,"",1,"normal",100,4,,,
"Mandag trening","16 Sep 2024, 17:23","16 Sep 2024, 18:02","","Bench Press (Barbell)",,"",2,"normal",100,3,,,
"Mandag trening","16 Sep 2024, 17:23","16 Sep 2024, 18:02","","Bicep Curl (Barbell)",,"",0,"normal",50,3,,,
"Mandag trening","16 Sep 2024, 17:23","16 Sep 2024, 18:02","","Bicep Curl (Barbell)",,"",1,"normal",50,3,,,
"Mandag trening","16 Sep 2024, 17:23","16 Sep 2024, 18:02","","Bicep Curl (Barbell)",,"",2,"normal",50,3,,,
"Mandag trening","16 Sep 2024, 17:23","16 Sep 2024, 18:02","","Incline Bench Press (Barbell)",,"",0,"normal",70,4,,,
"Mandag trening","16 Sep 2024, 17:23","16 Sep 2024, 18:02","","Incline Bench Press (Barbell)",,"",1,"normal",70,4,,,
"Mandag trening","16 Sep 2024, 17:23","16 Sep 2024, 18:02","","Incline Bench Press (Barbell)",,"",2,"normal",70,5,,,
"Mandag trening","16 Sep 2024, 17:23","16 Sep 2024, 18:02","","Triceps Extension (Dumbbell)",,"",0,"normal",30,8,,,
"Mandag trening","16 Sep 2024, 17:23","16 Sep 2024, 18:02","","Triceps Extension (Dumbbell)",,"",1,"normal",30,10,,,
"Mandag trening","16 Sep 2024, 17:23","16 Sep 2024, 18:02","","Triceps Extension (Dumbbell)",,"",2,"normal",30,10,,,
"Mandag trening","16 Sep 2024, 17:23","16 Sep 2024, 18:02","","Bent Over Row (Barbell)",,"",0,"normal",80,8,,,
"Mandag trening","16 Sep 2024, 17:23","16 Sep 2024, 18:02","","Bent Over Row (Barbell)",,"",1,"normal",80,8,,,
"Mandag trening","16 Sep 2024, 17:23","16 Sep 2024, 18:02","","Bent Over Row (Barbell)",,"",2,"normal",80,8,,,
"Onsdag trening","11 Sep 2024, 17:22","11 Sep 2024, 18:20","","Deadlift (Barbell)",,"",0,"normal",160,4,,,
"Onsdag trening","11 Sep 2024, 17:22","11 Sep 2024, 18:20","","Deadlift (Barbell)",,"",1,"normal",170,3,,,
"Onsdag trening","11 Sep 2024, 17:22","11 Sep 2024, 18:20","","Deadlift (Barbell)",,"",2,"normal",170,3,,,
"Onsdag trening","11 Sep 2024, 17:22","11 Sep 2024, 18:20","","Plank",,"",0,"normal",,,,90,
"Onsdag trening","11 Sep 2024, 17:22","11 Sep 2024, 18:20","","Plank",,"",1,"normal",,,,90,
"Onsdag trening","11 Sep 2024, 17:22","11 Sep 2024, 18:20","","Plank",,"",2,"normal",,,,90,
"Onsdag trening","11 Sep 2024, 17:22","11 Sep 2024, 18:20","","Landmine Row",,"",0,"normal",70,8,,,
"Onsdag trening","11 Sep 2024, 17:22","11 Sep 2024, 18:20","","Landmine Row",,"",1,"normal",70,8,,,
"Onsdag trening","11 Sep 2024, 17:22","11 Sep 2024, 18:20","","Landmine Row",,"",2,"normal",70,8,,,
"Onsdag trening","11 Sep 2024, 17:22","11 Sep 2024, 18:20","","Lying Leg Raise",,"",0,"normal",,40,,,
"Onsdag trening","11 Sep 2024, 17:22","11 Sep 2024, 18:20","","Lying Leg Raise",,"",1,"normal",,35,,,
"Onsdag trening","11 Sep 2024, 17:22","11 Sep 2024, 18:20","","Lying Leg Raise",,"",2,"normal",,35,,,
"Onsdag trening","11 Sep 2024, 17:22","11 Sep 2024, 18:20","","Rear Delt Reverse Fly (Cable)",,"",0,"normal",10,10,,,
"Onsdag trening","11 Sep 2024, 17:22","11 Sep 2024, 18:20","","Rear Delt Reverse Fly (Cable)",,"",1,"normal",10,10,,,
"Onsdag trening","11 Sep 2024, 17:22","11 Sep 2024, 18:20","","Rear Delt Reverse Fly (Cable)",,"",2,"normal",10,10,,,
"Onsdag trening","11 Sep 2024, 17:22","11 Sep 2024, 18:20","","Wrist Roller",,"",0,"normal",5,10,,,
"Onsdag trening","11 Sep 2024, 17:22","11 Sep 2024, 18:20","","Wrist Roller",,"",1,"normal",5,10,,,
"Onsdag trening","11 Sep 2024, 17:22","11 Sep 2024, 18:20","","Wrist Roller",,"",2,"normal",5,10,,,
"Mandag trening","9 Sep 2024, 17:23","9 Sep 2024, 18:29","","Seated Incline Curl (Dumbbell)",,"",0,"normal",12,8,,,
"Mandag trening","9 Sep 2024, 17:23","9 Sep 2024, 18:29","","Seated Incline Curl (Dumbbell)",,"",1,"normal",12,10,,,
"Mandag trening","9 Sep 2024, 17:23","9 Sep 2024, 18:29","","Seated Incline Curl (Dumbbell)",,"",2,"normal",12,10,,,
"Mandag trening","9 Sep 2024, 17:23","9 Sep 2024, 18:29","","Incline Bench Press (Barbell)",,"",0,"normal",70,8,,,
"Mandag trening","9 Sep 2024, 17:23","9 Sep 2024, 18:29","","Incline Bench Press (Barbell)",,"",1,"normal",70,8,,,
"Mandag trening","9 Sep 2024, 17:23","9 Sep 2024, 18:29","","Incline Bench Press (Barbell)",,"",2,"normal",70,8,,,
"Mandag trening","9 Sep 2024, 17:23","9 Sep 2024, 18:29","","Triceps Extension (Dumbbell)",,"",0,"normal",30,10,,,
"Mandag trening","9 Sep 2024, 17:23","9 Sep 2024, 18:29","","Triceps Extension (Dumbbell)",,"",1,"normal",30,10,,,
"Mandag trening","9 Sep 2024, 17:23","9 Sep 2024, 18:29","","Triceps Extension (Dumbbell)",,"",2,"normal",30,10,,,
"Mandag trening","9 Sep 2024, 17:23","9 Sep 2024, 18:29","","Bent Over Row (Barbell)",,"",0,"normal",85,8,,,
"Mandag trening","9 Sep 2024, 17:23","9 Sep 2024, 18:29","","Bent Over Row (Barbell)",,"",1,"normal",85,7,,,
"Mandag trening","9 Sep 2024, 17:23","9 Sep 2024, 18:29","","Bent Over Row (Barbell)",,"",2,"normal",85,6,,,
"Mandag trening","9 Sep 2024, 17:23","9 Sep 2024, 18:29","","Wrist Roller",,"",0,"normal",5,10,,,
"Mandag trening","9 Sep 2024, 17:23","9 Sep 2024, 18:29","","Wrist Roller",,"",1,"normal",5,10,,,
"Afternoon workout 💪","6 Sep 2024, 16:22","6 Sep 2024, 18:22","","Zercher Squat",,"",0,"normal",80,8,,,
"Afternoon workout 💪","6 Sep 2024, 16:22","6 Sep 2024, 18:22","","Zercher Squat",,"",1,"normal",80,8,,,
"Afternoon workout 💪","6 Sep 2024, 16:22","6 Sep 2024, 18:22","","Zercher Squat",,"",2,"normal",80,7,,,
"Afternoon workout 💪","6 Sep 2024, 16:22","6 Sep 2024, 18:22","","Overhead Press (Barbell)",,"",0,"normal",60,6,,,
"Afternoon workout 💪","6 Sep 2024, 16:22","6 Sep 2024, 18:22","","Overhead Press (Barbell)",,"",1,"normal",60,7,,,
"Afternoon workout 💪","6 Sep 2024, 16:22","6 Sep 2024, 18:22","","Overhead Press (Barbell)",,"",2,"normal",60,6,,,
"Afternoon workout 💪","6 Sep 2024, 16:22","6 Sep 2024, 18:22","","Single Leg Standing Calf Raise",,"",0,"normal",,20,,,
"Afternoon workout 💪","6 Sep 2024, 16:22","6 Sep 2024, 18:22","","Single Leg Standing Calf Raise",,"",1,"normal",,20,,,
"Afternoon workout 💪","6 Sep 2024, 16:22","6 Sep 2024, 18:22","","Single Leg Standing Calf Raise",,"",2,"normal",,20,,,
"Afternoon workout 💪","6 Sep 2024, 16:22","6 Sep 2024, 18:22","","Lateral Raise (Dumbbell)",,"",0,"normal",10,6,,,
"Afternoon workout 💪","6 Sep 2024, 16:22","6 Sep 2024, 18:22","","Lateral Raise (Dumbbell)",,"",1,"normal",10,7,,,
"Afternoon workout 💪","6 Sep 2024, 16:22","6 Sep 2024, 18:22","","Lateral Raise (Dumbbell)",,"",2,"normal",10,6,,,
"Afternoon workout 💪","6 Sep 2024, 16:22","6 Sep 2024, 18:22","","Kettlebell Shoulder Press",,"",0,"normal",26,6,,,
"Afternoon workout 💪","6 Sep 2024, 16:22","6 Sep 2024, 18:22","","Kettlebell Shoulder Press",,"",1,"normal",26,6,,,
"Afternoon workout 💪","6 Sep 2024, 16:22","6 Sep 2024, 18:22","","Kettlebell Shoulder Press",,"",2,"normal",26,6,,,
"Afternoon workout 💪","6 Sep 2024, 16:22","6 Sep 2024, 18:22","","Box Squat (Barbell)",,"",0,"normal",100,10,,,
"Afternoon workout 💪","6 Sep 2024, 16:22","6 Sep 2024, 18:22","","Box Squat (Barbell)",,"",1,"normal",110,6,,,
"Afternoon workout 💪","6 Sep 2024, 16:22","6 Sep 2024, 18:22","","Box Squat (Barbell)",,"",2,"normal",110,8,,,
"Afternoon workout 💪","6 Sep 2024, 16:22","6 Sep 2024, 18:22","","Calf Extension (Machine)",,"",0,"normal",130,25,,,
"Afternoon workout 💪","6 Sep 2024, 16:22","6 Sep 2024, 18:22","","Calf Extension (Machine)",,"",1,"normal",130,25,,,
"Afternoon workout 💪","6 Sep 2024, 16:22","6 Sep 2024, 18:22","","Calf Extension (Machine)",,"",2,"normal",130,25,,,
"Afternoon workout 💪","4 Sep 2024, 16:45","4 Sep 2024, 18:12","","Deadlift (Barbell)",,"",0,"normal",160,3,,,
"Afternoon workout 💪","4 Sep 2024, 16:45","4 Sep 2024, 18:12","","Deadlift (Barbell)",,"",1,"normal",160,4,,,
"Afternoon workout 💪","4 Sep 2024, 16:45","4 Sep 2024, 18:12","","Deadlift (Barbell)",,"",2,"normal",160,3,,,
"Afternoon workout 💪","4 Sep 2024, 16:45","4 Sep 2024, 18:12","","Plank",,"",0,"normal",,,,80,
"Afternoon workout 💪","4 Sep 2024, 16:45","4 Sep 2024, 18:12","","Plank",,"",1,"normal",,,,80,
"Afternoon workout 💪","4 Sep 2024, 16:45","4 Sep 2024, 18:12","","Plank",,"",2,"normal",,,,80,
"Afternoon workout 💪","4 Sep 2024, 16:45","4 Sep 2024, 18:12","","Landmine Row",,"",0,"normal",65,8,,,
"Afternoon workout 💪","4 Sep 2024, 16:45","4 Sep 2024, 18:12","","Landmine Row",,"",1,"normal",65,8,,,
"Afternoon workout 💪","4 Sep 2024, 16:45","4 Sep 2024, 18:12","","Landmine Row",,"",2,"normal",65,11,,,
"Afternoon workout 💪","4 Sep 2024, 16:45","4 Sep 2024, 18:12","","Lying Leg Raise",,"",0,"normal",,35,,,
"Afternoon workout 💪","4 Sep 2024, 16:45","4 Sep 2024, 18:12","","Lying Leg Raise",,"",1,"normal",,35,,,
"Afternoon workout 💪","4 Sep 2024, 16:45","4 Sep 2024, 18:12","","Lying Leg Raise",,"",2,"normal",,35,,,
"Afternoon workout 💪","4 Sep 2024, 16:45","4 Sep 2024, 18:12","","Rear Delt Reverse Fly (Cable)",,"",0,"normal",10,8,,,
"Afternoon workout 💪","4 Sep 2024, 16:45","4 Sep 2024, 18:12","","Rear Delt Reverse Fly (Cable)",,"",1,"normal",10,9,,,
"Afternoon workout 💪","4 Sep 2024, 16:45","4 Sep 2024, 18:12","","Rear Delt Reverse Fly (Cable)",,"",2,"normal",10,10,,,
"Afternoon workout 💪","4 Sep 2024, 16:45","4 Sep 2024, 18:12","","Wrist Roller",,"",0,"normal",5,9,,,
"Afternoon workout 💪","4 Sep 2024, 16:45","4 Sep 2024, 18:12","","Wrist Roller",,"",1,"normal",5,9,,,
"Afternoon workout 💪","4 Sep 2024, 16:45","4 Sep 2024, 18:12","","Wrist Roller",,"",2,"normal",5,9,,,
"Afternoon workout 💪","4 Sep 2024, 16:45","4 Sep 2024, 18:12","","Wrist Roller",,"",3,"normal",5,9,,,
"Mandagstrening","2 Sep 2024, 16:00","2 Sep 2024, 18:02","","Bench Press (Barbell)",,"",0,"normal",80,8,,,
"Mandagstrening","2 Sep 2024, 16:00","2 Sep 2024, 18:02","","Bench Press (Barbell)",,"",1,"normal",80,8,,,
"Mandagstrening","2 Sep 2024, 16:00","2 Sep 2024, 18:02","","Bench Press (Barbell)",,"",2,"normal",80,8,,,
"Mandagstrening","2 Sep 2024, 16:00","2 Sep 2024, 18:02","","Seated Incline Curl (Dumbbell)",,"",0,"normal",12,8,,,
"Mandagstrening","2 Sep 2024, 16:00","2 Sep 2024, 18:02","","Seated Incline Curl (Dumbbell)",,"",1,"normal",12,10,,,
"Mandagstrening","2 Sep 2024, 16:00","2 Sep 2024, 18:02","","Seated Incline Curl (Dumbbell)",,"",2,"normal",12,10,,,
"Mandagstrening","2 Sep 2024, 16:00","2 Sep 2024, 18:02","","Triceps Extension (Dumbbell)",,"",0,"normal",30,10,,,
"Mandagstrening","2 Sep 2024, 16:00","2 Sep 2024, 18:02","","Triceps Extension (Dumbbell)",,"",1,"normal",30,10,,,
"Mandagstrening","2 Sep 2024, 16:00","2 Sep 2024, 18:02","","Triceps Extension (Dumbbell)",,"",2,"normal",30,10,,,
"Mandagstrening","2 Sep 2024, 16:00","2 Sep 2024, 18:02","","Incline Bench Press (Barbell)",,"",0,"normal",70,8,,,
"Mandagstrening","2 Sep 2024, 16:00","2 Sep 2024, 18:02","","Incline Bench Press (Barbell)",,"",1,"normal",70,8,,,
"Mandagstrening","2 Sep 2024, 16:00","2 Sep 2024, 18:02","","Incline Bench Press (Barbell)",,"",2,"normal",70,8,,,
"Mandagstrening","2 Sep 2024, 16:00","2 Sep 2024, 18:02","","Bent Over Row (Barbell)",,"",0,"normal",70,8,,,
"Mandagstrening","2 Sep 2024, 16:00","2 Sep 2024, 18:02","","Bent Over Row (Barbell)",,"",1,"normal",80,8,,,
"Mandagstrening","2 Sep 2024, 16:00","2 Sep 2024, 18:02","","Bent Over Row (Barbell)",,"",2,"normal",80,8,,,